ISO,Country,Subject Descriptor,Units,Scale,Country/Series-specific Notes,2021,2022,2023,2024,2025,2026,2027,2028,Estimates Start After
AFG,Afghanistan,"Gross domestic product, constant prices",Percent change,,"See notes for:  Gross domestic product, constant prices (National currency).",-20.737,n/a,n/a,n/a,n/a,n/a,n/a,n/a,2021
ALB,Albania,"Gross domestic product, constant prices",Percent change,,"See notes for:  Gross domestic product, constant prices (National currency).",8.909,4.844,3.607,3.33,3.429,3.451,3.466,3.466,2022
DZA,Algeria,"Gross domestic product, constant prices",Percent change,,"See notes for:  Gross domestic product, constant prices (National currency).",3.4,3.2,3.835,3.133,2.525,1.879,1.733,1.703,2022
AND,Andorra,"Gross domestic product, constant prices",Percent change,,"See notes for:  Gross domestic product, constant prices (National currency).",8.287,8.811,2.05,1.5,1.5,1.5,1.5,1.5,2022
AGO,Angola,"Gross domestic product, constant prices",Percent change,,"See notes for:  Gross domestic product, constant prices (National currency).",1.199,3.046,1.255,3.274,3.379,3.453,3.544,3.628,2022
ATG,Antigua and Barbuda,"Gross domestic product, constant prices",Percent change,,"See notes for:  Gross domestic product, constant prices (National currency).",6.556,8.459,5.592,5.417,4.173,2.845,2.832,2.842,2022
ARG,Argentina,"Gross domestic product, constant prices",Percent change,,"See notes for:  Gross domestic product, constant prices (National currency).",10.718,4.956,-2.5,2.75,3.25,3,2.75,2.5,2022
ARM,Armenia,"Gross domestic product, constant prices",Percent change,,"See notes for:  Gross domestic product, constant prices (National currency).",5.684,12.604,7.032,5.002,4.5,4.5,4.5,4.5,2022
ABW,Aruba,"Gross domestic product, constant prices",Percent change,,"See notes for:  Gross domestic product, constant prices (National currency).",27.639,10.458,2.3,1.2,1.2,1.1,1.1,1.1,2021
AUS,Australia,"Gross domestic product, constant prices",Percent change,,"See notes for:  Gross domestic product, constant prices (National currency).",5.206,3.692,1.777,1.237,1.978,2.189,2.297,2.302,2022
AUT,Austria,"Gross domestic product, constant prices",Percent change,,"See notes for:  Gross domestic product, constant prices (National currency).",4.557,4.849,0.095,0.767,1.686,1.94,1.709,1.253,2022
AZE,Azerbaijan,"Gross domestic product, constant prices",Percent change,,"See notes for:  Gross domestic product, constant prices (National currency).",5.616,4.577,2.514,2.536,2.511,2.513,2.536,2.543,2022
BHS,The Bahamas,"Gross domestic product, constant prices",Percent change,,"See notes for:  Gross domestic product, constant prices (National currency).",16.985,14.369,4.306,1.828,1.616,1.585,1.495,1.528,2022
BHR,Bahrain,"Gross domestic product, constant prices",Percent change,,"See notes for:  Gross domestic product, constant prices (National currency).",2.591,4.891,2.744,3.598,3.164,2.666,2.72,2.716,2022
BGD,Bangladesh,"Gross domestic product, constant prices",Percent change,,"See notes for:  Gross domestic product, constant prices (National currency).",6.939,7.1,6.025,6,6.6,7.1,7.2,7,2022
BRB,Barbados,"Gross domestic product, constant prices",Percent change,,"See notes for:  Gross domestic product, constant prices (National currency).",-0.189,9.8,4.5,3.9,2.8,2.3,2,2,2022
BLR,Belarus,"Gross domestic product, constant prices",Percent change,,"See notes for:  Gross domestic product, constant prices (National currency).",2.273,-3.664,1.629,1.329,0.597,0.653,0.872,0.646,2022
BEL,Belgium,"Gross domestic product, constant prices",Percent change,,"See notes for:  Gross domestic product, constant prices (National currency).",6.286,3.248,1.001,0.852,1.223,1.192,1.244,1.304,2022
BLZ,Belize,"Gross domestic product, constant prices",Percent change,,"See notes for:  Gross domestic product, constant prices (National currency).",15.208,12.726,4.007,2.998,2.544,2.544,2.544,2.544,2021
BEN,Benin,"Gross domestic product, constant prices",Percent change,,"See notes for:  Gross domestic product, constant prices (National currency).",7.155,6.253,5.501,6.308,5.96,6.011,5.963,5.975,2022
BTN,Bhutan,"Gross domestic product, constant prices",Percent change,,"See notes for:  Gross domestic product, constant prices (National currency).",-3.332,4.757,5.328,3.037,4.578,5.536,3.071,3.625,2021
BOL,Bolivia,"Gross domestic product, constant prices",Percent change,,"See notes for:  Gross domestic product, constant prices (National currency).",6.106,3.478,1.8,1.8,2.1,2.2,2.3,2.3,2022
BIH,Bosnia and Herzegovina,"Gross domestic product, constant prices",Percent change,,"See notes for:  Gross domestic product, constant prices (National currency).",7.39,4.106,2,3,3,3,3,3,2022
BWA,Botswana,"Gross domestic product, constant prices",Percent change,,"See notes for:  Gross domestic product, constant prices (National currency).",11.867,5.782,3.841,4.11,4.349,4.026,3.987,4.049,2021
BRA,Brazil,"Gross domestic product, constant prices",Percent change,,"See notes for:  Gross domestic product, constant prices (National currency).",4.989,2.901,3.084,1.507,1.896,1.877,2.015,2.015,2022
BRN,Brunei Darussalam,"Gross domestic product, constant prices",Percent change,,"See notes for:  Gross domestic product, constant prices (National currency).",-1.591,-1.628,-0.768,3.515,2.83,2.963,3.108,3.161,2022
BGR,Bulgaria,"Gross domestic product, constant prices",Percent change,,"See notes for:  Gross domestic product, constant prices (National currency).",7.635,3.361,1.663,3.161,3,2.94,2.84,2.84,2022
BFA,Burkina Faso,"Gross domestic product, constant prices",Percent change,,"See notes for:  Gross domestic product, constant prices (National currency).",6.905,1.481,4.371,6.449,5.97,5.648,5.251,5.28,2021
BDI,Burundi,"Gross domestic product, constant prices",Percent change,,"See notes for:  Gross domestic product, constant prices (National currency).",3.119,1.827,3.336,5.95,5.945,5.7,5.942,5.466,2022
CPV,Cabo Verde,"Gross domestic product, constant prices",Percent change,,"See notes for:  Gross domestic product, constant prices (National currency).",6.415,17.004,4.411,4.478,4.596,4.597,4.708,4.702,2021
KHM,Cambodia,"Gross domestic product, constant prices",Percent change,,"See notes for:  Gross domestic product, constant prices (National currency).",3.026,5.239,5.647,6.134,6.389,6.519,6.243,6.307,2022
CMR,Cameroon,"Gross domestic product, constant prices",Percent change,,"See notes for:  Gross domestic product, constant prices (National currency).",3.649,3.775,3.98,4.176,4.436,4.46,4.515,4.58,2022
CAN,Canada,"Gross domestic product, constant prices",Percent change,,"See notes for:  Gross domestic product, constant prices (National currency).",5.012,3.438,1.292,1.608,2.378,1.782,1.671,1.662,2022
CAF,Central African Republic,"Gross domestic product, constant prices",Percent change,,"See notes for:  Gross domestic product, constant prices (National currency).",0.983,0.472,0.96,2.45,3.787,3.791,3.686,3.348,2021
TCD,Chad,"Gross domestic product, constant prices",Percent change,,"See notes for:  Gross domestic product, constant prices (National currency).",-1.187,3.394,4,3.746,2.992,2.91,2.935,2.994,2021
CHL,Chile,"Gross domestic product, constant prices",Percent change,,"See notes for:  Gross domestic product, constant prices (National currency).",11.737,2.44,-0.532,1.608,2.293,2.366,2.423,2.44,2022
CHN,China,"Gross domestic product, constant prices",Percent change,,"See notes for:  Gross domestic product, constant prices (National currency).",8.45,2.989,5.01,4.16,4.117,4.071,3.663,3.38,2022
COL,Colombia,"Gross domestic product, constant prices",Percent change,,"See notes for:  Gross domestic product, constant prices (National currency).",11.016,7.257,1.442,1.978,2.93,3.345,3.345,3.345,2022
COM,Comoros,"Gross domestic product, constant prices",Percent change,,"See notes for:  Gross domestic product, constant prices (National currency).",2.112,2.598,3.004,3.5,4.029,4.328,4.482,4.312,2021
COD,Democratic Republic of the Congo,"Gross domestic product, constant prices",Percent change,,"See notes for:  Gross domestic product, constant prices (National currency).",6.227,8.917,6.734,4.688,5.332,5.25,5.65,5.244,2020
COG,Republic of Congo,"Gross domestic product, constant prices",Percent change,,"See notes for:  Gross domestic product, constant prices (National currency).",1.057,1.75,4.033,4.426,3.255,3.771,3.9,3.971,2020
CRI,Costa Rica,"Gross domestic product, constant prices",Percent change,,"See notes for:  Gross domestic product, constant prices (National currency).",7.781,4.305,4.415,3.191,3.194,3.197,3.2,3.2,2022
CIV,Côte d'Ivoire,"Gross domestic product, constant prices",Percent change,,"See notes for:  Gross domestic product, constant prices (National currency).",7,6.7,6.2,6.6,6.4,6.3,6.1,6,2020
HRV,Croatia,"Gross domestic product, constant prices",Percent change,,"See notes for:  Gross domestic product, constant prices (National currency).",13.086,6.219,2.7,2.6,2.7,2.9,2.8,2.8,2022
CYP,Cyprus,"Gross domestic product, constant prices",Percent change,,"See notes for:  Gross domestic product, constant prices (National currency).",6.629,5.633,2.247,2.678,3.01,3.016,2.954,2.899,2022
CZE,Czech Republic,"Gross domestic product, constant prices",Percent change,,"See notes for:  Gross domestic product, constant prices (National currency).",3.553,2.342,0.183,2.294,2.931,2.743,2.477,2.545,2022
DNK,Denmark,"Gross domestic product, constant prices",Percent change,,"See notes for:  Gross domestic product, constant prices (National currency).",6.845,2.731,1.7,1.4,1.2,1.3,1.3,1.3,2022
DJI,Djibouti,"Gross domestic product, constant prices",Percent change,,"See notes for:  Gross domestic product, constant prices (National currency).",4.522,3.185,5,5.993,5.494,5,5,5,2022
DMA,Dominica,"Gross domestic product, constant prices",Percent change,,"See notes for:  Gross domestic product, constant prices (National currency).",6.892,5.711,4.624,4.599,4.226,2.86,2.678,2.656,2021
DOM,Dominican Republic,"Gross domestic product, constant prices",Percent change,,"See notes for:  Gross domestic product, constant prices (National currency).",12.272,4.858,2.966,5.237,5.068,5.035,5.013,5.03,2022
ECU,Ecuador,"Gross domestic product, constant prices",Percent change,,"See notes for:  Gross domestic product, constant prices (National currency).",4.235,2.948,1.372,1.82,1.989,2.166,2.819,2.795,2022
EGY,Egypt,"Gross domestic product, constant prices",Percent change,,"See notes for:  Gross domestic product, constant prices (National currency).",3.253,6.653,4.157,3.603,5.041,5.412,5.835,5.975,2022
SLV,El Salvador,"Gross domestic product, constant prices",Percent change,,"See notes for:  Gross domestic product, constant prices (National currency).",11.178,2.6,2.2,1.94,2.045,2,2,2,2022
GNQ,Equatorial Guinea,"Gross domestic product, constant prices",Percent change,,"See notes for:  Gross domestic product, constant prices (National currency).",-0.377,3.246,-6.221,-5.471,-4.028,-3.993,-1.661,-0.622,2021
ERI,Eritrea,"Gross domestic product, constant prices",Percent change,,"See notes for:  Gross domestic product, constant prices (National currency).",n/a,n/a,n/a,n/a,n/a,n/a,n/a,n/a,2019
EST,Estonia,"Gross domestic product, constant prices",Percent change,,"See notes for:  Gross domestic product, constant prices (National currency).",7.249,-0.461,-2.269,2.368,2.666,2.892,2.967,2.859,2022
SWZ,Eswatini,"Gross domestic product, constant prices",Percent change,,"See notes for:  Gross domestic product, constant prices (National currency).",7.883,3.563,3.063,3.271,3.1,2.857,2.787,2.783,2021
ETH,Ethiopia,"Gross domestic product, constant prices",Percent change,,"See notes for:  Gross domestic product, constant prices (National currency).",6.265,6.358,6.109,6.195,6.457,6.658,6.759,6.954,2022
FJI,Fiji,"Gross domestic product, constant prices",Percent change,,"See notes for:  Gross domestic product, constant prices (National currency).",-4.881,20.016,7.459,3.913,3.682,3.47,3.481,3.292,2022
FIN,Finland,"Gross domestic product, constant prices",Percent change,,"See notes for:  Gross domestic product, constant prices (National currency).",3.17,1.605,-0.129,1.049,1.345,1.561,1.614,1.624,2022
FRA,France,"Gross domestic product, constant prices",Percent change,,"See notes for:  Gross domestic product, constant prices (National currency).",6.37,2.522,0.951,1.346,1.811,1.669,1.525,1.438,2022
GAB,Gabon,"Gross domestic product, constant prices",Percent change,,"See notes for:  Gross domestic product, constant prices (National currency).",1.468,3.037,2.762,2.555,2.511,2.84,2.777,2.831,2021
GMB,The Gambia,"Gross domestic product, constant prices",Percent change,,"See notes for:  Gross domestic product, constant prices (National currency).",5.256,4.905,5.555,6.223,5.788,5.019,5.02,5.018,2021
GEO,Georgia,"Gross domestic product, constant prices",Percent change,,"See notes for:  Gross domestic product, constant prices (National currency).",10.466,10.109,6.193,4.775,5.2,5.2,5.2,5.2,2022
DEU,Germany,"Gross domestic product, constant prices",Percent change,,"See notes for:  Gross domestic product, constant prices (National currency).",3.169,1.804,-0.535,0.915,1.993,1.881,1.289,0.914,2022
GHA,Ghana,"Gross domestic product, constant prices",Percent change,,"See notes for:  Gross domestic product, constant prices (National currency).",5.076,3.078,1.16,2.694,4.594,4.948,5,5,2022
GRC,Greece,"Gross domestic product, constant prices",Percent change,,"See notes for:  Gross domestic product, constant prices (National currency).",8.434,5.914,2.462,1.974,1.418,1.408,1.209,1.128,2022
GRD,Grenada,"Gross domestic product, constant prices",Percent change,,"See notes for:  Gross domestic product, constant prices (National currency).",4.689,6.354,3.87,3.796,3.508,3.219,2.735,2.735,2021
GTM,Guatemala,"Gross domestic product, constant prices",Percent change,,"See notes for:  Gross domestic product, constant prices (National currency).",8.002,4.118,3.432,3.5,3.6,3.7,3.8,3.9,2022
GIN,Guinea,"Gross domestic product, constant prices",Percent change,,"See notes for:  Gross domestic product, constant prices (National currency).",5.048,4.287,5.928,5.609,5.635,5.412,5.35,5.243,2021
GNB,Guinea-Bissau,"Gross domestic product, constant prices",Percent change,,"See notes for:  Gross domestic product, constant prices (National currency).",6.4,4.2,4.5,5,5,5,5,4.5,2021
GUY,Guyana,"Gross domestic product, constant prices",Percent change,,"See notes for:  Gross domestic product, constant prices (National currency).",20.06,62.288,38.432,26.559,18.774,21.179,21.166,13.482,2021
HTI,Haiti,"Gross domestic product, constant prices",Percent change,,"See notes for:  Gross domestic product, constant prices (National currency).",-1.798,-1.682,-1.5,1.4,1.5,1.5,1.5,1.5,2021
HND,Honduras,"Gross domestic product, constant prices",Percent change,,"See notes for:  Gross domestic product, constant prices (National currency).",12.534,4,2.9,3.2,3.488,3.732,3.844,3.82,2022
HKG,Hong Kong SAR,"Gross domestic product, constant prices",Percent change,,"See notes for:  Gross domestic product, constant prices (National currency).",6.442,-3.476,4.394,2.927,2.875,2.709,2.556,2.411,2022
HUN,Hungary,"Gross domestic product, constant prices",Percent change,,"See notes for:  Gross domestic product, constant prices (National currency).",7.2,4.578,-0.34,3.098,3.3,3.4,3.45,3.451,2022
ISL,Iceland,"Gross domestic product, constant prices",Percent change,,"See notes for:  Gross domestic product, constant prices (National currency).",4.508,7.238,3.336,1.733,2.155,2.42,2.303,2.379,2022
IND,India,"Gross domestic product, constant prices",Percent change,,"See notes for:  Gross domestic product, constant prices (National currency).",9.05,7.24,6.332,6.293,6.327,6.316,6.349,6.263,2023
IDN,Indonesia,"Gross domestic product, constant prices",Percent change,,"See notes for:  Gross domestic product, constant prices (National currency).",3.703,5.309,4.971,4.953,4.962,4.955,4.952,4.955,2022
IRN,Islamic Republic of Iran,"Gross domestic product, constant prices",Percent change,,"See notes for:  Gross domestic product, constant prices (National currency).",4.72,3.777,2.976,2.488,2,1.999,1.997,1.998,2023
IRQ,Iraq,"Gross domestic product, constant prices",Percent change,,"See notes for:  Gross domestic product, constant prices (National currency).",1.58,6.983,-2.739,2.941,4.043,3.604,3.26,3.202,2022
IRL,Ireland,"Gross domestic product, constant prices",Percent change,,"See notes for:  Gross domestic product, constant prices (National currency).",15.125,9.433,2.005,3.349,3.162,2.671,2.664,2.653,2022
ISR,Israel,"Gross domestic product, constant prices",Percent change,,"See notes for:  Gross domestic product, constant prices (National currency).",9.344,6.47,3.137,3.036,3.31,3.633,3.721,3.77,2022
ITA,Italy,"Gross domestic product, constant prices",Percent change,,"See notes for:  Gross domestic product, constant prices (National currency).",6.987,3.722,0.673,0.655,1.044,1.093,1.032,0.894,2022
JAM,Jamaica,"Gross domestic product, constant prices",Percent change,,"See notes for:  Gross domestic product, constant prices (National currency).",4.601,5.222,2,1.8,1.7,1.6,1.6,1.6,2022
JPN,Japan,"Gross domestic product, constant prices",Percent change,,"See notes for:  Gross domestic product, constant prices (National currency).",2.23,1.047,1.957,1.033,0.65,0.487,0.417,0.41,2022
JOR,Jordan,"Gross domestic product, constant prices",Percent change,,"See notes for:  Gross domestic product, constant prices (National currency).",2.223,2.504,2.6,2.7,3,3,3,3,2021
KAZ,Kazakhstan,"Gross domestic product, constant prices",Percent change,,"See notes for:  Gross domestic product, constant prices (National currency).",4.1,3.299,4.559,4.192,4.564,1.847,3.106,2.979,2022
KEN,Kenya,"Gross domestic product, constant prices",Percent change,,"See notes for:  Gross domestic product, constant prices (National currency).",7.59,4.847,4.966,5.26,5.344,5.357,5.373,5.329,2022
KIR,Kiribati,"Gross domestic product, constant prices",Percent change,,"See notes for:  Gross domestic product, constant prices (National currency).",7.886,1.154,2.577,2.413,2.308,2.092,2.125,2.093,2021
KOR,Korea,"Gross domestic product, constant prices",Percent change,,"See notes for:  Gross domestic product, constant prices (National currency).",4.305,2.613,1.445,2.217,2.262,2.246,2.174,2.114,2022
UVK,Kosovo,"Gross domestic product, constant prices",Percent change,,"See notes for:  Gross domestic product, constant prices (National currency).",10.746,3.511,3.8,4,4,3.9,3.8,3.8,2022
KWT,Kuwait,"Gross domestic product, constant prices",Percent change,,"See notes for:  Gross domestic product, constant prices (National currency).",1.145,8.863,-0.607,3.58,4.088,2.391,2.433,2.435,2020
KGZ,Kyrgyz Republic,"Gross domestic product, constant prices",Percent change,,"See notes for:  Gross domestic product, constant prices (National currency).",5.507,6.332,3.375,4.282,3.901,3.95,3.99,3.977,2022
LAO,Lao P.D.R.,"Gross domestic product, constant prices",Percent change,,"See notes for:  Gross domestic product, constant prices (National currency).",2.061,2.252,3.967,4.007,4.123,4.192,4.337,4.496,2020
LVA,Latvia,"Gross domestic product, constant prices",Percent change,,"See notes for:  Gross domestic product, constant prices (National currency).",4.277,2.763,0.5,2.614,3.228,3.239,3.25,3.245,2022
LBN,Lebanon,"Gross domestic product, constant prices",Percent change,,"See notes for:  Gross domestic product, constant prices (National currency).",-10,--,n/a,n/a,n/a,n/a,n/a,n/a,2020
LSO,Lesotho,"Gross domestic product, constant prices",Percent change,,"See notes for:  Gross domestic product, constant prices (National currency).",1.793,2.12,2.127,2.306,2.511,2.106,1.84,1.599,2021
LBR,Liberia,"Gross domestic product, constant prices",Percent change,,"See notes for:  Gross domestic product, constant prices (National currency).",5.011,4.811,4.557,5.297,6.371,6.355,6.387,7.268,2021
LBY,Libya,"Gross domestic product, constant prices",Percent change,,"See notes for:  Gross domestic product, constant prices (National currency).",28.335,-9.62,12.548,7.454,6.851,4.23,2.155,2.295,2021
LTU,Lithuania,"Gross domestic product, constant prices",Percent change,,"See notes for:  Gross domestic product, constant prices (National currency).",5.981,1.888,-0.178,2.721,2.595,2.521,2.217,2.146,2022
LUX,Luxembourg,"Gross domestic product, constant prices",Percent change,,"See notes for:  Gross domestic product, constant prices (National currency).",7.168,1.38,-0.442,1.496,2.385,2.507,2.252,2.257,2022
MAC,Macao SAR,"Gross domestic product, constant prices",Percent change,,"See notes for:  Gross domestic product, constant prices (National currency).",19.267,-26.761,74.4,27.16,14.538,6.097,3.34,3.368,2022
MDG,Madagascar,"Gross domestic product, constant prices",Percent change,,"See notes for:  Gross domestic product, constant prices (National currency).",5.74,4,4,4.8,4.7,4.7,4.6,4.5,2022
MWI,Malawi,"Gross domestic product, constant prices",Percent change,,"See notes for:  Gross domestic product, constant prices (National currency).",4.567,0.8,1.7,3.255,3.8,4.3,4.5,4.6,2022
MYS,Malaysia,"Gross domestic product, constant prices",Percent change,,"See notes for:  Gross domestic product, constant prices (National currency).",3.298,8.65,3.96,4.273,4.41,4.409,3.931,3.937,2022
MDV,Maldives,"Gross domestic product, constant prices",Percent change,,"See notes for:  Gross domestic product, constant prices (National currency).",41.747,13.863,8.068,5,6.5,5.9,5.5,5.1,2022
MLI,Mali,"Gross domestic product, constant prices",Percent change,,"See notes for:  Gross domestic product, constant prices (National currency).",3.055,3.704,4.5,4.8,5.3,5.1,5,5,2022
MLT,Malta,"Gross domestic product, constant prices",Percent change,,"See notes for:  Gross domestic product, constant prices (National currency).",12.298,6.916,3.788,3.281,3.481,3.506,3.463,3.51,2022
MHL,Marshall Islands,"Gross domestic product, constant prices",Percent change,,"See notes for:  Gross domestic product, constant prices (National currency).",1.028,-4.454,3,3,2,1.75,1.5,1.5,2022
MRT,Mauritania,"Gross domestic product, constant prices",Percent change,,"See notes for:  Gross domestic product, constant prices (National currency).",2.445,6.461,4.541,5.341,6.965,3.856,4.757,4.134,2021
MUS,Mauritius,"Gross domestic product, constant prices",Percent change,,"See notes for:  Gross domestic product, constant prices (National currency).",3.399,8.691,5.092,3.8,3.431,3.444,3.33,3.33,2022
MEX,Mexico,"Gross domestic product, constant prices",Percent change,,"See notes for:  Gross domestic product, constant prices (National currency).",5.838,3.898,3.177,2.14,1.462,1.783,1.978,2.058,2022
FSM,Micronesia,"Gross domestic product, constant prices",Percent change,,"See notes for:  Gross domestic product, constant prices (National currency).",-2.189,-0.556,2.603,3.123,1.884,1.278,1.133,0.6,2018
MDA,Moldova,"Gross domestic product, constant prices",Percent change,,"See notes for:  Gross domestic product, constant prices (National currency).",13.9,-4.979,2.009,4.285,4.995,4.998,4.995,5.002,2022
MNG,Mongolia,"Gross domestic product, constant prices",Percent change,,"See notes for:  Gross domestic product, constant prices (National currency).",1.637,5.033,5.5,4.5,3.5,3.5,3.5,4,2022
MNE,Montenegro,"Gross domestic product, constant prices",Percent change,,"See notes for:  Gross domestic product, constant prices (National currency).",13.043,6.135,4.5,3.7,3.2,3,3,3,2021
MAR,Morocco,"Gross domestic product, constant prices",Percent change,,"See notes for:  Gross domestic product, constant prices (National currency).",8.021,1.259,2.385,3.616,3.181,3.24,3.387,3.387,2022
MOZ,Mozambique,"Gross domestic product, constant prices",Percent change,,"See notes for:  Gross domestic product, constant prices (National currency).",2.359,4.191,6.979,4.96,4.959,3.96,13.108,12.077,2022
MMR,Myanmar,"Gross domestic product, constant prices",Percent change,,"See notes for:  Gross domestic product, constant prices (National currency).",-17.938,1.971,2.583,2.639,2.528,2.584,2.899,3.397,2020
NAM,Namibia,"Gross domestic product, constant prices",Percent change,,"See notes for:  Gross domestic product, constant prices (National currency).",3.525,4.56,2.818,2.706,2.712,2.65,2.604,2.6,2022
NRU,Nauru,"Gross domestic product, constant prices",Percent change,,"See notes for:  Gross domestic product, constant prices (National currency).",2.932,1.881,0.494,1.332,2.357,2.207,2.195,2.259,2020
NPL,Nepal,"Gross domestic product, constant prices",Percent change,,"See notes for:  Gross domestic product, constant prices (National currency).",4.838,5.613,0.772,4.984,5.221,5.074,5.094,5.114,2023
NLD,Netherlands,"Gross domestic product, constant prices",Percent change,,"See notes for:  Gross domestic product, constant prices (National currency).",6.192,4.326,0.552,1.15,1.528,1.605,1.638,1.635,2022
NZL,New Zealand,"Gross domestic product, constant prices",Percent change,,"See notes for:  Gross domestic product, constant prices (National currency).",6.059,2.652,1.121,1.043,2.064,2.245,2.398,2.4,2022
NIC,Nicaragua,"Gross domestic product, constant prices",Percent change,,"See notes for:  Gross domestic product, constant prices (National currency).",10.347,3.751,3.024,3.292,3.465,3.5,3.5,3.5,2022
NER,Niger,"Gross domestic product, constant prices",Percent change,,"See notes for:  Gross domestic product, constant prices (National currency).",1.399,11.904,4.108,11.135,6.482,6.14,6.002,6,2021
NGA,Nigeria,"Gross domestic product, constant prices",Percent change,,"See notes for:  Gross domestic product, constant prices (National currency).",3.647,3.252,2.87,3.063,3.058,3.084,3.062,3.064,2022
MKD,North Macedonia,"Gross domestic product, constant prices",Percent change,,"See notes for:  Gross domestic product, constant prices (National currency).",3.931,2.147,2.5,3.2,3.5,3.5,3.5,3.5,2022
NOR,Norway,"Gross domestic product, constant prices",Percent change,,"See notes for:  Gross domestic product, constant prices (National currency).",3.898,3.277,2.283,1.499,1.231,1.482,1.352,1.38,2022
OMN,Oman,"Gross domestic product, constant prices",Percent change,,"See notes for:  Gross domestic product, constant prices (National currency).",3.092,4.311,1.178,2.673,3.033,3.416,3.105,3.09,2022
PAK,Pakistan,"Gross domestic product, constant prices",Percent change,,"See notes for:  Gross domestic product, constant prices (National currency).",5.77,6.103,-0.475,2.5,3.6,4.5,5,5,2022
PLW,Palau,"Gross domestic product, constant prices",Percent change,,"See notes for:  Gross domestic product, constant prices (National currency).",-13.362,-1.964,0.8,12.4,11.9,3.5,2,1.5,2022
PAN,Panama,"Gross domestic product, constant prices",Percent change,,"See notes for:  Gross domestic product, constant prices (National currency).",15.836,10.809,6,4,4,4,4,4,2022
PNG,Papua New Guinea,"Gross domestic product, constant prices",Percent change,,"See notes for:  Gross domestic product, constant prices (National currency).",0.07,4.348,3.048,5.039,3.102,3.12,3.045,3.115,2020
PRY,Paraguay,"Gross domestic product, constant prices",Percent change,,"See notes for:  Gross domestic product, constant prices (National currency).",4.017,0.075,4.477,3.8,3.8,3.5,3.5,3.5,2022
PER,Peru,"Gross domestic product, constant prices",Percent change,,"See notes for:  Gross domestic product, constant prices (National currency).",13.35,2.683,1.13,2.744,3.1,3,3,3,2022
PHL,Philippines,"Gross domestic product, constant prices",Percent change,,"See notes for:  Gross domestic product, constant prices (National currency).",5.715,7.57,5.321,5.88,6.097,6.212,6.327,6.413,2022
POL,Poland,"Gross domestic product, constant prices",Percent change,,"See notes for:  Gross domestic product, constant prices (National currency).",6.935,5.134,0.564,2.278,3.405,3.235,3.137,3.126,2022
PRT,Portugal,"Gross domestic product, constant prices",Percent change,,"See notes for:  Gross domestic product, constant prices (National currency).",5.503,6.687,2.282,1.51,2.15,2,1.93,1.9,2022
PRI,Puerto Rico,"Gross domestic product, constant prices",Percent change,,"See notes for:  Gross domestic product, constant prices (National currency).",0.206,2,-0.7,-0.2,0,0.3,1.7,0.8,2021
QAT,Qatar,"Gross domestic product, constant prices",Percent change,,"See notes for:  Gross domestic product, constant prices (National currency).",1.523,4.898,2.429,2.168,3.722,3.59,6.283,2.777,2022
ROU,Romania,"Gross domestic product, constant prices",Percent change,,"See notes for:  Gross domestic product, constant prices (National currency).",5.874,4.743,2.185,3.79,3.841,3.849,3.849,3.7,2022
RUS,Russia,"Gross domestic product, constant prices",Percent change,,"See notes for:  Gross domestic product, constant prices (National currency).",5.614,-2.07,2.249,1.054,0.95,0.95,0.95,0.95,2022
RWA,Rwanda,"Gross domestic product, constant prices",Percent change,,"See notes for:  Gross domestic product, constant prices (National currency).",10.88,8.158,6.17,6.987,7.007,7.292,7.265,7.283,2021
WSM,Samoa,"Gross domestic product, constant prices",Percent change,,"See notes for:  Gross domestic product, constant prices (National currency).",-7.079,-5.31,8.011,3.6,3.424,3.007,2.608,2.25,2022
SMR,San Marino,"Gross domestic product, constant prices",Percent change,,"See notes for:  Gross domestic product, constant prices (National currency).",14.228,5.037,2.218,1.3,1.3,1.3,1.3,1.3,2021
STP,São Tomé and Príncipe,"Gross domestic product, constant prices",Percent change,,"See notes for:  Gross domestic product, constant prices (National currency).",1.899,0.065,0.5,2.4,3.1,3.6,3.65,3.69,2020
SAU,Saudi Arabia,"Gross domestic product, constant prices",Percent change,,"See notes for:  Gross domestic product, constant prices (National currency).",3.922,8.744,0.762,3.984,4.229,3.284,3.298,3.087,2022
SEN,Senegal,"Gross domestic product, constant prices",Percent change,,"See notes for:  Gross domestic product, constant prices (National currency).",6.54,4,4.102,8.82,10.166,5.157,5.153,5.301,2021
SRB,Serbia,"Gross domestic product, constant prices",Percent change,,"See notes for:  Gross domestic product, constant prices (National currency).",7.55,2.251,1.972,3,4.462,3.999,4.04,4,2022
SYC,Seychelles,"Gross domestic product, constant prices",Percent change,,"See notes for:  Gross domestic product, constant prices (National currency).",2.52,8.91,4.16,3.91,3.87,3.87,3.87,3.6,2021
SLE,Sierra Leone,"Gross domestic product, constant prices",Percent change,,"See notes for:  Gross domestic product, constant prices (National currency).",4.105,3.988,2.748,4.737,5.187,4.545,4.473,4.607,2021
SGP,Singapore,"Gross domestic product, constant prices",Percent change,,"See notes for:  Gross domestic product, constant prices (National currency).",8.882,3.647,1.04,2.146,2.458,2.523,2.486,2.484,2022
SVK,Slovak Republic,"Gross domestic product, constant prices",Percent change,,"See notes for:  Gross domestic product, constant prices (National currency).",4.863,1.669,1.33,2.498,2.8,2.8,2.7,2.7,2022
SVN,Slovenia,"Gross domestic product, constant prices",Percent change,,"See notes for:  Gross domestic product, constant prices (National currency).",8.228,2.461,2.034,2.212,2.613,2.814,2.815,2.823,2022
SLB,Solomon Islands,"Gross domestic product, constant prices",Percent change,,"See notes for:  Gross domestic product, constant prices (National currency).",-0.565,-4.071,2.506,2.421,3.037,2.986,3.013,3.037,2020
SOM,Somalia,"Gross domestic product, constant prices",Percent change,,"See notes for:  Gross domestic product, constant prices (National currency).",3.308,2.433,2.8,3.7,3.9,4,4.1,4.3,2022
ZAF,South Africa,"Gross domestic product, constant prices",Percent change,,"See notes for:  Gross domestic product, constant prices (National currency).",4.703,1.91,0.929,1.813,1.609,1.4,1.4,1.4,2022
SSD,South Sudan,"Gross domestic product, constant prices",Percent change,,"See notes for:  Gross domestic product, constant prices (National currency).",5.329,0.476,3.482,4.198,5.422,5.356,5.149,5.432,2021
ESP,Spain,"Gross domestic product, constant prices",Percent change,,"See notes for:  Gross domestic product, constant prices (National currency).",6.4,5.771,2.453,1.66,2.08,1.821,1.727,1.641,2022
LKA,Sri Lanka,"Gross domestic product, constant prices",Percent change,,"See notes for:  Gross domestic product, constant prices (National currency).",3.512,-7.824,n/a,n/a,n/a,n/a,n/a,n/a,2021
KNA,St. Kitts and Nevis,"Gross domestic product, constant prices",Percent change,,"See notes for:  Gross domestic product, constant prices (National currency).",-0.891,8.823,4.899,3.79,2.996,2.7,2.7,2.7,2022
LCA,St. Lucia,"Gross domestic product, constant prices",Percent change,,"See notes for:  Gross domestic product, constant prices (National currency).",11.315,15.674,3.225,2.325,2.278,1.814,1.5,1.5,2022
VCT,St. Vincent and the Grenadines,"Gross domestic product, constant prices",Percent change,,"See notes for:  Gross domestic product, constant prices (National currency).",0.754,5.5,6.23,5,3.9,2.8,2.7,2.7,2021
SDN,Sudan,"Gross domestic product, constant prices",Percent change,,"See notes for:  Gross domestic product, constant prices (National currency).",0.5,-2.5,-18.3,0.3,7.1,4.7,4.5,4.5,2019
SUR,Suriname,"Gross domestic product, constant prices",Percent change,,"See notes for:  Gross domestic product, constant prices (National currency).",-2.742,1.028,2.148,2.962,2.984,3,3,3,2021
SWE,Sweden,"Gross domestic product, constant prices",Percent change,,"See notes for:  Gross domestic product, constant prices (National currency).",6.147,2.832,-0.688,0.619,2.358,2.16,2.064,2.067,2022
CHE,Switzerland,"Gross domestic product, constant prices",Percent change,,"See notes for:  Gross domestic product, constant prices (National currency).",5.393,2.665,0.866,1.799,1.2,1.8,1.2,1.8,2022
SYR,Syria,"Gross domestic product, constant prices",Percent change,,"See notes for:  Gross domestic product, constant prices (National currency).",n/a,n/a,n/a,n/a,n/a,n/a,n/a,n/a,2010
TWN,Taiwan Province of China,"Gross domestic product, constant prices",Percent change,,"See notes for:  Gross domestic product, constant prices (National currency).",6.528,2.354,0.843,2.966,2.763,2.625,2.499,2.116,2022
TJK,Tajikistan,"Gross domestic product, constant prices",Percent change,,"See notes for:  Gross domestic product, constant prices (National currency).",9.4,8,6.5,5,4.5,4.5,4.5,4.5,2022
TZA,Tanzania,"Gross domestic product, constant prices",Percent change,,"See notes for:  Gross domestic product, constant prices (National currency).",4.947,4.691,5.215,6.091,6.198,6.819,7.017,7.032,2021
THA,Thailand,"Gross domestic product, constant prices",Percent change,,"See notes for:  Gross domestic product, constant prices (National currency).",1.468,2.643,2.7,3.2,3.095,2.997,3,3.002,2022
TLS,Timor-Leste,"Gross domestic product, constant prices",Percent change,,"See notes for:  Gross domestic product, constant prices (National currency).",2.853,3.9,1.5,3.1,3.1,3,3,3,2021
TGO,Togo,"Gross domestic product, constant prices",Percent change,,"See notes for:  Gross domestic product, constant prices (National currency).",5.991,5.811,5.4,5.3,5.3,5.5,5.5,5.5,2022
TON,Tonga,"Gross domestic product, constant prices",Percent change,,"See notes for:  Gross domestic product, constant prices (National currency).",-2.667,-1.962,2.558,2.529,2.206,1.608,1.235,1.2,2022
TTO,Trinidad and Tobago,"Gross domestic product, constant prices",Percent change,,"See notes for:  Gross domestic product, constant prices (National currency).",-1.037,1.482,2.507,2.188,2.521,1.773,1.472,1.423,2022
TUN,Tunisia,"Gross domestic product, constant prices",Percent change,,"See notes for:  Gross domestic product, constant prices (National currency).",4.405,2.522,1.312,1.905,2.329,2.6,2.645,2.624,2022
TUR,Türkiye,"Gross domestic product, constant prices",Percent change,,"See notes for:  Gross domestic product, constant prices (National currency).",11.439,5.533,3.957,2.984,3.183,3.221,3.23,3.235,2022
TKM,Turkmenistan,"Gross domestic product, constant prices",Percent change,,"See notes for:  Gross domestic product, constant prices (National currency).",4.62,1.624,2.458,2.109,1.963,1.886,1.89,1.891,2022
TUV,Tuvalu,"Gross domestic product, constant prices",Percent change,,"See notes for:  Gross domestic product, constant prices (National currency).",1.804,0.677,3.853,3.457,2.406,2.223,2.056,2.037,2021
UGA,Uganda,"Gross domestic product, constant prices",Percent change,,"See notes for:  Gross domestic product, constant prices (National currency).",5.717,6.434,4.568,5.732,7.469,6.815,6.805,6.318,2022
UKR,Ukraine,"Gross domestic product, constant prices",Percent change,,"See notes for:  Gross domestic product, constant prices (National currency).",3.433,-29.069,2,3.2,6.5,5,4,4,2022
ARE,United Arab Emirates,"Gross domestic product, constant prices",Percent change,,"See notes for:  Gross domestic product, constant prices (National currency).",4.355,7.85,3.384,4.012,4.153,4.267,4.361,4.474,2022
GBR,United Kingdom,"Gross domestic product, constant prices",Percent change,,"See notes for:  Gross domestic product, constant prices (National currency).",7.597,4.102,0.48,0.636,1.983,2.05,1.823,1.525,2022
USA,United States,"Gross domestic product, constant prices",Percent change,,"See notes for:  Gross domestic product, constant prices (National currency).",5.947,2.062,2.085,1.475,1.818,2.064,2.12,2.122,2022
URY,Uruguay,"Gross domestic product, constant prices",Percent change,,"See notes for:  Gross domestic product, constant prices (National currency).",5.277,4.922,0.999,3.25,2.9,2.6,2.4,2.2,2022
UZB,Uzbekistan,"Gross domestic product, constant prices",Percent change,,"See notes for:  Gross domestic product, constant prices (National currency).",7.403,5.669,5.489,5.471,5.52,5.477,5.53,5.492,2022
VUT,Vanuatu,"Gross domestic product, constant prices",Percent change,,"See notes for:  Gross domestic product, constant prices (National currency).",0.648,1.85,1.484,2.614,3.502,3.092,2.949,2.459,2020
VEN,Venezuela,"Gross domestic product, constant prices",Percent change,,"See notes for:  Gross domestic product, constant prices (National currency).",1,8,4,4.5,n/a,n/a,n/a,n/a,2018
VNM,Vietnam,"Gross domestic product, constant prices",Percent change,,"See notes for:  Gross domestic product, constant prices (National currency).",2.56,8.02,4.7,5.8,6.942,6.844,6.841,6.831,2022
WBG,West Bank and Gaza,"Gross domestic product, constant prices",Percent change,,"See notes for:  Gross domestic product, constant prices (National currency).",7.012,3.933,3,2.7,2.4,2,2,2,2022
YEM,Yemen,"Gross domestic product, constant prices",Percent change,,"See notes for:  Gross domestic product, constant prices (National currency).",-1,1.5,-0.5,2,7,6.5,6,5.5,2022
ZMB,Zambia,"Gross domestic product, constant prices",Percent change,,"See notes for:  Gross domestic product, constant prices (National currency).",4.599,4.737,3.554,4.314,4.477,4.659,5.009,5.14,2021
ZWE,Zimbabwe,"Gross domestic product, constant prices",Percent change,,"See notes for:  Gross domestic product, constant prices (National currency).",8.427,6.225,4.139,3.605,3.508,3.329,3.255,3.003,2022