Data Source,World Development Indicators,,,,,,,,,,,,,,,,,,,,,,,,,,,,,,,,,,,,,,,,,,,,,,,,,,,,,,,,,,,,,,,,,
,,,,,,,,,,,,,,,,,,,,,,,,,,,,,,,,,,,,,,,,,,,,,,,,,,,,,,,,,,,,,,,,,,
Last Updated Date,12/19/23,,,,,,,,,,,,,,,,,,,,,,,,,,,,,,,,,,,,,,,,,,,,,,,,,,,,,,,,,,,,,,,,,
,,,,,,,,,,,,,,,,,,,,,,,,,,,,,,,,,,,,,,,,,,,,,,,,,,,,,,,,,,,,,,,,,,
Country Name,Country Code,Indicator Name,Indicator Code,1960,1961,1962,1963,1964,1965,1966,1967,1968,1969,1970,1971,1972,1973,1974,1975,1976,1977,1978,1979,1980,1981,1982,1983,1984,1985,1986,1987,1988,1989,1990,1991,1992,1993,1994,1995,1996,1997,1998,1999,2000,2001,2002,2003,2004,2005,2006,2007,2008,2009,2010,2011,2012,2013,2014,2015,2016,2017,2018,2019,2020,2021,2022
Aruba,ABW,Urban land area (sq. km),AG.LND.TOTL.UR.K2,,,,,,,,,,,,,,,,,,,,,,,,,,,,,,,72.3108893,,,,,,,,,,87.35285804,,,,,,,,,,,,,,,97.34080782,,,,,,,
Africa Eastern and Southern,AFE,Urban land area (sq. km),AG.LND.TOTL.UR.K2,,,,,,,,,,,,,,,,,,,,,,,,,,,,,,,35883.61133,,,,,,,,,,47545.06873,,,,,,,,,,,,,,,63984.12438,,,,,,,
Afghanistan,AFG,Urban land area (sq. km),AG.LND.TOTL.UR.K2,,,,,,,,,,,,,,,,,,,,,,,,,,,,,,,1309.672467,,,,,,,,,,2280.088882,,,,,,,,,,,,,,,3993.836107,,,,,,,
Africa Western and Central,AFW,Urban land area (sq. km),AG.LND.TOTL.UR.K2,,,,,,,,,,,,,,,,,,,,,,,,,,,,,,,30308.56627,,,,,,,,,,38443.68722,,,,,,,,,,,,,,,51046.98769,,,,,,,
Angola,AGO,Urban land area (sq. km),AG.LND.TOTL.UR.K2,,,,,,,,,,,,,,,,,,,,,,,,,,,,,,,1559.947681,,,,,,,,,,2010.44166,,,,,,,,,,,,,,,2991.346987,,,,,,,
Albania,ALB,Urban land area (sq. km),AG.LND.TOTL.UR.K2,,,,,,,,,,,,,,,,,,,,,,,,,,,,,,,596.8609255,,,,,,,,,,790.0547342,,,,,,,,,,,,,,,827.6939565,,,,,,,
Andorra,AND,Urban land area (sq. km),AG.LND.TOTL.UR.K2,,,,,,,,,,,,,,,,,,,,,,,,,,,,,,,18.04368348,,,,,,,,,,31.8541238,,,,,,,,,,,,,,,30.93581543,,,,,,,
Arab World,ARB,Urban land area (sq. km),AG.LND.TOTL.UR.K2,,,,,,,,,,,,,,,,,,,,,,,,,,,,,,,47990.2062,,,,,,,,,,60338.91367,,,,,,,,,,,,,,,76974.63256,,,,,,,
United Arab Emirates,ARE,Urban land area (sq. km),AG.LND.TOTL.UR.K2,,,,,,,,,,,,,,,,,,,,,,,,,,,,,,,1060.873608,,,,,,,,,,1386.317342,,,,,,,,,,,,,,,2263.105046,,,,,,,
Argentina,ARG,Urban land area (sq. km),AG.LND.TOTL.UR.K2,,,,,,,,,,,,,,,,,,,,,,,,,,,,,,,8570.417946,,,,,,,,,,10030.14619,,,,,,,,,,,,,,,11432.73056,,,,,,,
Armenia,ARM,Urban land area (sq. km),AG.LND.TOTL.UR.K2,,,,,,,,,,,,,,,,,,,,,,,,,,,,,,,874.9695379,,,,,,,,,,887.4462533,,,,,,,,,,,,,,,922.3350265,,,,,,,
American Samoa,ASM,Urban land area (sq. km),AG.LND.TOTL.UR.K2,,,,,,,,,,,,,,,,,,,,,,,,,,,,,,,11.91386801,,,,,,,,,,11.91386801,,,,,,,,,,,,,,,23.43530368,,,,,,,
Antigua and Barbuda,ATG,Urban land area (sq. km),AG.LND.TOTL.UR.K2,,,,,,,,,,,,,,,,,,,,,,,,,,,,,,,26.25936952,,,,,,,,,,28.94490907,,,,,,,,,,,,,,,31.86330247,,,,,,,
Australia,AUS,Urban land area (sq. km),AG.LND.TOTL.UR.K2,,,,,,,,,,,,,,,,,,,,,,,,,,,,,,,10027.78042,,,,,,,,,,10794.84168,,,,,,,,,,,,,,,11945.98604,,,,,,,
Austria,AUT,Urban land area (sq. km),AG.LND.TOTL.UR.K2,,,,,,,,,,,,,,,,,,,,,,,,,,,,,,,2512.616239,,,,,,,,,,2685.348713,,,,,,,,,,,,,,,2973.71201,,,,,,,
Azerbaijan,AZE,Urban land area (sq. km),AG.LND.TOTL.UR.K2,,,,,,,,,,,,,,,,,,,,,,,,,,,,,,,1823.904613,,,,,,,,,,2145.736267,,,,,,,,,,,,,,,2589.858867,,,,,,,
Burundi,BDI,Urban land area (sq. km),AG.LND.TOTL.UR.K2,,,,,,,,,,,,,,,,,,,,,,,,,,,,,,,416.0614025,,,,,,,,,,568.5477575,,,,,,,,,,,,,,,887.8423434,,,,,,,
Belgium,BEL,Urban land area (sq. km),AG.LND.TOTL.UR.K2,,,,,,,,,,,,,,,,,,,,,,,,,,,,,,,6642.205215,,,,,,,,,,6961.534983,,,,,,,,,,,,,,,7730.87924,,,,,,,
Benin,BEN,Urban land area (sq. km),AG.LND.TOTL.UR.K2,,,,,,,,,,,,,,,,,,,,,,,,,,,,,,,1014.63568,,,,,,,,,,1413.548195,,,,,,,,,,,,,,,2005.909344,,,,,,,
Burkina Faso,BFA,Urban land area (sq. km),AG.LND.TOTL.UR.K2,,,,,,,,,,,,,,,,,,,,,,,,,,,,,,,940.2090812,,,,,,,,,,1212.414139,,,,,,,,,,,,,,,1599.295142,,,,,,,
Bangladesh,BGD,Urban land area (sq. km),AG.LND.TOTL.UR.K2,,,,,,,,,,,,,,,,,,,,,,,,,,,,,,,46298.4094,,,,,,,,,,51109.2414,,,,,,,,,,,,,,,56970.02069,,,,,,,
Bulgaria,BGR,Urban land area (sq. km),AG.LND.TOTL.UR.K2,,,,,,,,,,,,,,,,,,,,,,,,,,,,,,,2458.274583,,,,,,,,,,2298.230065,,,,,,,,,,,,,,,2109.344193,,,,,,,
Bahrain,BHR,Urban land area (sq. km),AG.LND.TOTL.UR.K2,,,,,,,,,,,,,,,,,,,,,,,,,,,,,,,259.0865296,,,,,,,,,,284.0197686,,,,,,,,,,,,,,,330.291737,,,,,,,
"Bahamas, The",BHS,Urban land area (sq. km),AG.LND.TOTL.UR.K2,,,,,,,,,,,,,,,,,,,,,,,,,,,,,,,160.812331,,,,,,,,,,177.9448482,,,,,,,,,,,,,,,203.7442433,,,,,,,
Bosnia and Herzegovina,BIH,Urban land area (sq. km),AG.LND.TOTL.UR.K2,,,,,,,,,,,,,,,,,,,,,,,,,,,,,,,1316.158258,,,,,,,,,,1469.420648,,,,,,,,,,,,,,,1641.927708,,,,,,,
Belarus,BLR,Urban land area (sq. km),AG.LND.TOTL.UR.K2,,,,,,,,,,,,,,,,,,,,,,,,,,,,,,,3179.480134,,,,,,,,,,3170.850645,,,,,,,,,,,,,,,2882.60449,,,,,,,
Belize,BLZ,Urban land area (sq. km),AG.LND.TOTL.UR.K2,,,,,,,,,,,,,,,,,,,,,,,,,,,,,,,67.20685375,,,,,,,,,,97.08041268,,,,,,,,,,,,,,,122.8998629,,,,,,,
Bermuda,BMU,Urban land area (sq. km),AG.LND.TOTL.UR.K2,,,,,,,,,,,,,,,,,,,,,,,,,,,,,,,33.36227177,,,,,,,,,,34.09296539,,,,,,,,,,,,,,,41.96724762,,,,,,,
Bolivia,BOL,Urban land area (sq. km),AG.LND.TOTL.UR.K2,,,,,,,,,,,,,,,,,,,,,,,,,,,,,,,1214.238193,,,,,,,,,,1503.991444,,,,,,,,,,,,,,,1767.519044,,,,,,,
Brazil,BRA,Urban land area (sq. km),AG.LND.TOTL.UR.K2,,,,,,,,,,,,,,,,,,,,,,,,,,,,,,,34620.95243,,,,,,,,,,41034.54426,,,,,,,,,,,,,,,45853.33961,,,,,,,
Barbados,BRB,Urban land area (sq. km),AG.LND.TOTL.UR.K2,,,,,,,,,,,,,,,,,,,,,,,,,,,,,,,160.6149328,,,,,,,,,,174.7949531,,,,,,,,,,,,,,,187.5880811,,,,,,,
Brunei Darussalam,BRN,Urban land area (sq. km),AG.LND.TOTL.UR.K2,,,,,,,,,,,,,,,,,,,,,,,,,,,,,,,115.2252348,,,,,,,,,,164.2445019,,,,,,,,,,,,,,,199.1723685,,,,,,,
Bhutan,BTN,Urban land area (sq. km),AG.LND.TOTL.UR.K2,,,,,,,,,,,,,,,,,,,,,,,,,,,,,,,11.49908492,,,,,,,,,,14.4204726,,,,,,,,,,,,,,,28.60276837,,,,,,,
Botswana,BWA,Urban land area (sq. km),AG.LND.TOTL.UR.K2,,,,,,,,,,,,,,,,,,,,,,,,,,,,,,,489.348632,,,,,,,,,,659.1253073,,,,,,,,,,,,,,,804.3459935,,,,,,,
Central African Republic,CAF,Urban land area (sq. km),AG.LND.TOTL.UR.K2,,,,,,,,,,,,,,,,,,,,,,,,,,,,,,,354.092946,,,,,,,,,,438.3968809,,,,,,,,,,,,,,,535.375881,,,,,,,
Canada,CAN,Urban land area (sq. km),AG.LND.TOTL.UR.K2,,,,,,,,,,,,,,,,,,,,,,,,,,,,,,,11777.16787,,,,,,,,,,12775.56176,,,,,,,,,,,,,,,13983.1143,,,,,,,
Central Europe and the Baltics,CEB,Urban land area (sq. km),AG.LND.TOTL.UR.K2,,,,,,,,,,,,,,,,,,,,,,,,,,,,,,,34237.64489,,,,,,,,,,35476.85815,,,,,,,,,,,,,,,36530.91798,,,,,,,
Switzerland,CHE,Urban land area (sq. km),AG.LND.TOTL.UR.K2,,,,,,,,,,,,,,,,,,,,,,,,,,,,,,,3066.311175,,,,,,,,,,3388.77418,,,,,,,,,,,,,,,4016.815073,,,,,,,
Channel Islands,CHI,Urban land area (sq. km),AG.LND.TOTL.UR.K2,,,,,,,,,,,,,,,,,,,,,,,,,,,,,,,,,,,,,,,,,,,,,,,,,,,,,,,,,,,,,,,
Chile,CHL,Urban land area (sq. km),AG.LND.TOTL.UR.K2,,,,,,,,,,,,,,,,,,,,,,,,,,,,,,,2594.719417,,,,,,,,,,3089.196377,,,,,,,,,,,,,,,3579.670357,,,,,,,
China,CHN,Urban land area (sq. km),AG.LND.TOTL.UR.K2,,,,,,,,,,,,,,,,,,,,,,,,,,,,,,,362455.8024,,,,,,,,,,436715.3899,,,,,,,,,,,,,,,522345.1853,,,,,,,
Cote d'Ivoire,CIV,Urban land area (sq. km),AG.LND.TOTL.UR.K2,,,,,,,,,,,,,,,,,,,,,,,,,,,,,,,1763.425238,,,,,,,,,,2333.262003,,,,,,,,,,,,,,,2981.956895,,,,,,,
Cameroon,CMR,Urban land area (sq. km),AG.LND.TOTL.UR.K2,,,,,,,,,,,,,,,,,,,,,,,,,,,,,,,1564.197661,,,,,,,,,,1999.386915,,,,,,,,,,,,,,,2352.111042,,,,,,,
"Congo, Dem. Rep.",COD,Urban land area (sq. km),AG.LND.TOTL.UR.K2,,,,,,,,,,,,,,,,,,,,,,,,,,,,,,,3519.055722,,,,,,,,,,4835.311195,,,,,,,,,,,,,,,7232.345419,,,,,,,
"Congo, Rep.",COG,Urban land area (sq. km),AG.LND.TOTL.UR.K2,,,,,,,,,,,,,,,,,,,,,,,,,,,,,,,343.5117811,,,,,,,,,,444.1712672,,,,,,,,,,,,,,,420.2625751,,,,,,,
Colombia,COL,Urban land area (sq. km),AG.LND.TOTL.UR.K2,,,,,,,,,,,,,,,,,,,,,,,,,,,,,,,4018.978497,,,,,,,,,,4621.650624,,,,,,,,,,,,,,,5114.558454,,,,,,,
Comoros,COM,Urban land area (sq. km),AG.LND.TOTL.UR.K2,,,,,,,,,,,,,,,,,,,,,,,,,,,,,,,65.58986128,,,,,,,,,,67.72459359,,,,,,,,,,,,,,,142.534154,,,,,,,
Cabo Verde,CPV,Urban land area (sq. km),AG.LND.TOTL.UR.K2,,,,,,,,,,,,,,,,,,,,,,,,,,,,,,,48.22070506,,,,,,,,,,54.82349152,,,,,,,,,,,,,,,59.55432677,,,,,,,
Costa Rica,CRI,Urban land area (sq. km),AG.LND.TOTL.UR.K2,,,,,,,,,,,,,,,,,,,,,,,,,,,,,,,963.949333,,,,,,,,,,1204.71339,,,,,,,,,,,,,,,1475.943583,,,,,,,
Caribbean small states,CSS,Urban land area (sq. km),AG.LND.TOTL.UR.K2,,,,,,,,,,,,,,,,,,,,,,,,,,,,,,,2285.072238,,,,,,,,,,2664.096466,,,,,,,,,,,,,,,3051.107181,,,,,,,
Cuba,CUB,Urban land area (sq. km),AG.LND.TOTL.UR.K2,,,,,,,,,,,,,,,,,,,,,,,,,,,,,,,2455.196358,,,,,,,,,,2749.245639,,,,,,,,,,,,,,,3053.184682,,,,,,,
Curacao,CUW,Urban land area (sq. km),AG.LND.TOTL.UR.K2,,,,,,,,,,,,,,,,,,,,,,,,,,,,,,,110.8880021,,,,,,,,,,111.7992243,,,,,,,,,,,,,,,118.1189284,,,,,,,
Cayman Islands,CYM,Urban land area (sq. km),AG.LND.TOTL.UR.K2,,,,,,,,,,,,,,,,,,,,,,,,,,,,,,,17.0395442,,,,,,,,,,27.61728554,,,,,,,,,,,,,,,43.96772397,,,,,,,
Cyprus,CYP,Urban land area (sq. km),AG.LND.TOTL.UR.K2,,,,,,,,,,,,,,,,,,,,,,,,,,,,,,,316.2128048,,,,,,,,,,396.8776717,,,,,,,,,,,,,,,518.9803766,,,,,,,
Czechia,CZE,Urban land area (sq. km),AG.LND.TOTL.UR.K2,,,,,,,,,,,,,,,,,,,,,,,,,,,,,,,3545.584423,,,,,,,,,,3671.506245,,,,,,,,,,,,,,,4023.399313,,,,,,,
Germany,DEU,Urban land area (sq. km),AG.LND.TOTL.UR.K2,,,,,,,,,,,,,,,,,,,,,,,,,,,,,,,34563.29116,,,,,,,,,,36535.10151,,,,,,,,,,,,,,,36996.44357,,,,,,,
Djibouti,DJI,Urban land area (sq. km),AG.LND.TOTL.UR.K2,,,,,,,,,,,,,,,,,,,,,,,,,,,,,,,35.53196288,,,,,,,,,,37.29893894,,,,,,,,,,,,,,,51.25016234,,,,,,,
Dominica,DMA,Urban land area (sq. km),AG.LND.TOTL.UR.K2,,,,,,,,,,,,,,,,,,,,,,,,,,,,,,,15.19067002,,,,,,,,,,18.84263764,,,,,,,,,,,,,,,20.99940263,,,,,,,
Denmark,DNK,Urban land area (sq. km),AG.LND.TOTL.UR.K2,,,,,,,,,,,,,,,,,,,,,,,,,,,,,,,2017.384096,,,,,,,,,,2103.765318,,,,,,,,,,,,,,,2235.486537,,,,,,,
Dominican Republic,DOM,Urban land area (sq. km),AG.LND.TOTL.UR.K2,,,,,,,,,,,,,,,,,,,,,,,,,,,,,,,1442.231316,,,,,,,,,,2007.75094,,,,,,,,,,,,,,,2504.486359,,,,,,,
Algeria,DZA,Urban land area (sq. km),AG.LND.TOTL.UR.K2,,,,,,,,,,,,,,,,,,,,,,,,,,,,,,,5850.905764,,,,,,,,,,7652.355836,,,,,,,,,,,,,,,9357.099747,,,,,,,
East Asia & Pacific (excluding high income),EAP,Urban land area (sq. km),AG.LND.TOTL.UR.K2,,,,,,,,,,,,,,,,,,,,,,,,,,,,,,,461070.0698,,,,,,,,,,563864.0878,,,,,,,,,,,,,,,673788.1525,,,,,,,
Early-demographic dividend,EAR,Urban land area (sq. km),AG.LND.TOTL.UR.K2,,,,,,,,,,,,,,,,,,,,,,,,,,,,,,,345302.4569,,,,,,,,,,437778.6974,,,,,,,,,,,,,,,564689.5378,,,,,,,
East Asia & Pacific,EAS,Urban land area (sq. km),AG.LND.TOTL.UR.K2,,,,,,,,,,,,,,,,,,,,,,,,,,,,,,,539108.1318,,,,,,,,,,647364.9156,,,,,,,,,,,,,,,761927.2871,,,,,,,
Europe & Central Asia (excluding high income),ECA,Urban land area (sq. km),AG.LND.TOTL.UR.K2,,,,,,,,,,,,,,,,,,,,,,,,,,,,,,,117024.3126,,,,,,,,,,125680.8699,,,,,,,,,,,,,,,131300.1902,,,,,,,
Europe & Central Asia,ECS,Urban land area (sq. km),AG.LND.TOTL.UR.K2,,,,,,,,,,,,,,,,,,,,,,,,,,,,,,,291322.4066,,,,,,,,,,310468.4739,,,,,,,,,,,,,,,327818.3056,,,,,,,
Ecuador,ECU,Urban land area (sq. km),AG.LND.TOTL.UR.K2,,,,,,,,,,,,,,,,,,,,,,,,,,,,,,,1623.362953,,,,,,,,,,1984.915748,,,,,,,,,,,,,,,2293.845469,,,,,,,
"Egypt, Arab Rep.",EGY,Urban land area (sq. km),AG.LND.TOTL.UR.K2,,,,,,,,,,,,,,,,,,,,,,,,,,,,,,,13257.80075,,,,,,,,,,16023.0859,,,,,,,,,,,,,,,18917.96116,,,,,,,
Euro area,EMU,Urban land area (sq. km),AG.LND.TOTL.UR.K2,,,,,,,,,,,,,,,,,,,,,,,,,,,,,,,115114.7833,,,,,,,,,,123482.2886,,,,,,,,,,,,,,,131942.1274,,,,,,,
Eritrea,ERI,Urban land area (sq. km),AG.LND.TOTL.UR.K2,,,,,,,,,,,,,,,,,,,,,,,,,,,,,,,187.4997516,,,,,,,,,,234.8660643,,,,,,,,,,,,,,,331.1918185,,,,,,,
Spain,ESP,Urban land area (sq. km),AG.LND.TOTL.UR.K2,,,,,,,,,,,,,,,,,,,,,,,,,,,,,,,12524.45403,,,,,,,,,,13941.63308,,,,,,,,,,,,,,,15655.06941,,,,,,,
Estonia,EST,Urban land area (sq. km),AG.LND.TOTL.UR.K2,,,,,,,,,,,,,,,,,,,,,,,,,,,,,,,346.3463166,,,,,,,,,,435.3525976,,,,,,,,,,,,,,,449.9723276,,,,,,,
Ethiopia,ETH,Urban land area (sq. km),AG.LND.TOTL.UR.K2,,,,,,,,,,,,,,,,,,,,,,,,,,,,,,,2800.538223,,,,,,,,,,3934.94802,,,,,,,,,,,,,,,5760.664715,,,,,,,
European Union,EUU,Urban land area (sq. km),AG.LND.TOTL.UR.K2,,,,,,,,,,,,,,,,,,,,,,,,,,,,,,,150458.8779,,,,,,,,,,160018.4799,,,,,,,,,,,,,,,169850.4715,,,,,,,
Fragile and conflict affected situations,FCS,Urban land area (sq. km),AG.LND.TOTL.UR.K2,,,,,,,,,,,,,,,,,,,,,,,,,,,,,,,73373.59123,,,,,,,,,,89737.02445,,,,,,,,,,,,,,,113378.5086,,,,,,,
Finland,FIN,Urban land area (sq. km),AG.LND.TOTL.UR.K2,,,,,,,,,,,,,,,,,,,,,,,,,,,,,,,1995.716936,,,,,,,,,,2121.497193,,,,,,,,,,,,,,,2242.659442,,,,,,,
Fiji,FJI,Urban land area (sq. km),AG.LND.TOTL.UR.K2,,,,,,,,,,,,,,,,,,,,,,,,,,,,,,,81.44603656,,,,,,,,,,83.80931876,,,,,,,,,,,,,,,117.2567813,,,,,,,
France,FRA,Urban land area (sq. km),AG.LND.TOTL.UR.K2,,,,,,,,,,,,,,,,,,,,,,,,,,,,,,,19344.02534,,,,,,,,,,20827.76095,,,,,,,,,,,,,,,23030.66088,,,,,,,
Faroe Islands,FRO,Urban land area (sq. km),AG.LND.TOTL.UR.K2,,,,,,,,,,,,,,,,,,,,,,,,,,,,,,,0,,,,,,,,,,0,,,,,,,,,,,,,,,0,,,,,,,
"Micronesia, Fed. Sts.",FSM,Urban land area (sq. km),AG.LND.TOTL.UR.K2,,,,,,,,,,,,,,,,,,,,,,,,,,,,,,,4.395958186,,,,,,,,,,4.395958186,,,,,,,,,,,,,,,7.519302932,,,,,,,
Gabon,GAB,Urban land area (sq. km),AG.LND.TOTL.UR.K2,,,,,,,,,,,,,,,,,,,,,,,,,,,,,,,236.8332941,,,,,,,,,,268.9922746,,,,,,,,,,,,,,,311.5999701,,,,,,,
United Kingdom,GBR,Urban land area (sq. km),AG.LND.TOTL.UR.K2,,,,,,,,,,,,,,,,,,,,,,,,,,,,,,,21541.50308,,,,,,,,,,21830.39151,,,,,,,,,,,,,,,22675.97625,,,,,,,
Georgia,GEO,Urban land area (sq. km),AG.LND.TOTL.UR.K2,,,,,,,,,,,,,,,,,,,,,,,,,,,,,,,1413.324672,,,,,,,,,,1348.864918,,,,,,,,,,,,,,,1130.16341,,,,,,,
Ghana,GHA,Urban land area (sq. km),AG.LND.TOTL.UR.K2,,,,,,,,,,,,,,,,,,,,,,,,,,,,,,,3298.283847,,,,,,,,,,4195.592186,,,,,,,,,,,,,,,5559.549789,,,,,,,
Gibraltar,GIB,Urban land area (sq. km),AG.LND.TOTL.UR.K2,,,,,,,,,,,,,,,,,,,,,,,,,,,,,,,7.398828952,,,,,,,,,,7.398828952,,,,,,,,,,,,,,,7.398828952,,,,,,,
Guinea,GIN,Urban land area (sq. km),AG.LND.TOTL.UR.K2,,,,,,,,,,,,,,,,,,,,,,,,,,,,,,,810.732821,,,,,,,,,,1090.315915,,,,,,,,,,,,,,,1390.663579,,,,,,,
"Gambia, The",GMB,Urban land area (sq. km),AG.LND.TOTL.UR.K2,,,,,,,,,,,,,,,,,,,,,,,,,,,,,,,176.6985473,,,,,,,,,,258.0976892,,,,,,,,,,,,,,,338.7489128,,,,,,,
Guinea-Bissau,GNB,Urban land area (sq. km),AG.LND.TOTL.UR.K2,,,,,,,,,,,,,,,,,,,,,,,,,,,,,,,133.1412344,,,,,,,,,,164.2467832,,,,,,,,,,,,,,,196.2640069,,,,,,,
Equatorial Guinea,GNQ,Urban land area (sq. km),AG.LND.TOTL.UR.K2,,,,,,,,,,,,,,,,,,,,,,,,,,,,,,,79.26024407,,,,,,,,,,104.6163745,,,,,,,,,,,,,,,136.7343442,,,,,,,
Greece,GRC,Urban land area (sq. km),AG.LND.TOTL.UR.K2,,,,,,,,,,,,,,,,,,,,,,,,,,,,,,,2370.87957,,,,,,,,,,2664.3333,,,,,,,,,,,,,,,2748.663461,,,,,,,
Grenada,GRD,Urban land area (sq. km),AG.LND.TOTL.UR.K2,,,,,,,,,,,,,,,,,,,,,,,,,,,,,,,44.09126916,,,,,,,,,,63.28370898,,,,,,,,,,,,,,,68.51966222,,,,,,,
Greenland,GRL,Urban land area (sq. km),AG.LND.TOTL.UR.K2,,,,,,,,,,,,,,,,,,,,,,,,,,,,,,,0.912475599,,,,,,,,,,2.582968866,,,,,,,,,,,,,,,2.582968866,,,,,,,
Guatemala,GTM,Urban land area (sq. km),AG.LND.TOTL.UR.K2,,,,,,,,,,,,,,,,,,,,,,,,,,,,,,,1587.448322,,,,,,,,,,2177.210795,,,,,,,,,,,,,,,2900.621828,,,,,,,
Guam,GUM,Urban land area (sq. km),AG.LND.TOTL.UR.K2,,,,,,,,,,,,,,,,,,,,,,,,,,,,,,,76.92088804,,,,,,,,,,79.73729674,,,,,,,,,,,,,,,83.79810475,,,,,,,
Guyana,GUY,Urban land area (sq. km),AG.LND.TOTL.UR.K2,,,,,,,,,,,,,,,,,,,,,,,,,,,,,,,160.3173448,,,,,,,,,,169.319713,,,,,,,,,,,,,,,165.7263754,,,,,,,
High income,HIC,Urban land area (sq. km),AG.LND.TOTL.UR.K2,,,,,,,,,,,,,,,,,,,,,,,,,,,,,,,427353.4929,,,,,,,,,,467871.8523,,,,,,,,,,,,,,,511226.1276,,,,,,,
"Hong Kong SAR, China",HKG,Urban land area (sq. km),AG.LND.TOTL.UR.K2,,,,,,,,,,,,,,,,,,,,,,,,,,,,,,,445.3223399,,,,,,,,,,484.3733415,,,,,,,,,,,,,,,516.713727,,,,,,,
Honduras,HND,Urban land area (sq. km),AG.LND.TOTL.UR.K2,,,,,,,,,,,,,,,,,,,,,,,,,,,,,,,817.1370564,,,,,,,,,,1125.800975,,,,,,,,,,,,,,,1576.928238,,,,,,,
Heavily indebted poor countries (HIPC),HPC,Urban land area (sq. km),AG.LND.TOTL.UR.K2,,,,,,,,,,,,,,,,,,,,,,,,,,,,,,,39734.98107,,,,,,,,,,52662.49233,,,,,,,,,,,,,,,72874.9165,,,,,,,
Croatia,HRV,Urban land area (sq. km),AG.LND.TOTL.UR.K2,,,,,,,,,,,,,,,,,,,,,,,,,,,,,,,1642.071552,,,,,,,,,,1624.882709,,,,,,,,,,,,,,,1648.413072,,,,,,,
Haiti,HTI,Urban land area (sq. km),AG.LND.TOTL.UR.K2,,,,,,,,,,,,,,,,,,,,,,,,,,,,,,,1006.230785,,,,,,,,,,1205.577711,,,,,,,,,,,,,,,1326.104126,,,,,,,
Hungary,HUN,Urban land area (sq. km),AG.LND.TOTL.UR.K2,,,,,,,,,,,,,,,,,,,,,,,,,,,,,,,3743.427075,,,,,,,,,,3899.667157,,,,,,,,,,,,,,,3928.833665,,,,,,,
IBRD only,IBD,Urban land area (sq. km),AG.LND.TOTL.UR.K2,,,,,,,,,,,,,,,,,,,,,,,,,,,,,,,817716.3848,,,,,,,,,,985085.3411,,,,,,,,,,,,,,,1177545.87,,,,,,,
IDA & IBRD total,IBT,Urban land area (sq. km),AG.LND.TOTL.UR.K2,,,,,,,,,,,,,,,,,,,,,,,,,,,,,,,956826.8658,,,,,,,,,,1161903.364,,,,,,,,,,,,,,,1416815.699,,,,,,,
IDA total,IDA,Urban land area (sq. km),AG.LND.TOTL.UR.K2,,,,,,,,,,,,,,,,,,,,,,,,,,,,,,,139110.481,,,,,,,,,,176818.0225,,,,,,,,,,,,,,,239269.8298,,,,,,,
IDA blend,IDB,Urban land area (sq. km),AG.LND.TOTL.UR.K2,,,,,,,,,,,,,,,,,,,,,,,,,,,,,,,40932.24936,,,,,,,,,,57299.63643,,,,,,,,,,,,,,,88815.32585,,,,,,,
Indonesia,IDN,Urban land area (sq. km),AG.LND.TOTL.UR.K2,,,,,,,,,,,,,,,,,,,,,,,,,,,,,,,43593.45194,,,,,,,,,,56810.41511,,,,,,,,,,,,,,,67755.13459,,,,,,,
IDA only,IDX,Urban land area (sq. km),AG.LND.TOTL.UR.K2,,,,,,,,,,,,,,,,,,,,,,,,,,,,,,,98178.23162,,,,,,,,,,119518.386,,,,,,,,,,,,,,,150454.5039,,,,,,,
Isle of Man,IMN,Urban land area (sq. km),AG.LND.TOTL.UR.K2,,,,,,,,,,,,,,,,,,,,,,,,,,,,,,,29.6953025,,,,,,,,,,31.50907463,,,,,,,,,,,,,,,38.31179958,,,,,,,
India,IND,Urban land area (sq. km),AG.LND.TOTL.UR.K2,,,,,,,,,,,,,,,,,,,,,,,,,,,,,,,98799.60601,,,,,,,,,,125554.2977,,,,,,,,,,,,,,,171839.1829,,,,,,,
Not classified,INX,Urban land area (sq. km),AG.LND.TOTL.UR.K2,,,,,,,,,,,,,,,,,,,,,,,,,,,,,,,,,,,,,,,,,,,,,,,,,,,,,,,,,,,,,,,
Ireland,IRL,Urban land area (sq. km),AG.LND.TOTL.UR.K2,,,,,,,,,,,,,,,,,,,,,,,,,,,,,,,854.4926513,,,,,,,,,,976.5798208,,,,,,,,,,,,,,,1261.38995,,,,,,,
"Iran, Islamic Rep.",IRN,Urban land area (sq. km),AG.LND.TOTL.UR.K2,,,,,,,,,,,,,,,,,,,,,,,,,,,,,,,9480.541846,,,,,,,,,,13197.10211,,,,,,,,,,,,,,,16217.10485,,,,,,,
Iraq,IRQ,Urban land area (sq. km),AG.LND.TOTL.UR.K2,,,,,,,,,,,,,,,,,,,,,,,,,,,,,,,3488.036377,,,,,,,,,,4482.222287,,,,,,,,,,,,,,,6572.968868,,,,,,,
Iceland,ISL,Urban land area (sq. km),AG.LND.TOTL.UR.K2,,,,,,,,,,,,,,,,,,,,,,,,,,,,,,,70.7148901,,,,,,,,,,94.28706086,,,,,,,,,,,,,,,107.5600307,,,,,,,
Israel,ISR,Urban land area (sq. km),AG.LND.TOTL.UR.K2,,,,,,,,,,,,,,,,,,,,,,,,,,,,,,,1730.581776,,,,,,,,,,2233.687619,,,,,,,,,,,,,,,2743.733632,,,,,,,
Italy,ITA,Urban land area (sq. km),AG.LND.TOTL.UR.K2,,,,,,,,,,,,,,,,,,,,,,,,,,,,,,,18122.17972,,,,,,,,,,19312.58304,,,,,,,,,,,,,,,20916.72317,,,,,,,
Jamaica,JAM,Urban land area (sq. km),AG.LND.TOTL.UR.K2,,,,,,,,,,,,,,,,,,,,,,,,,,,,,,,765.2656168,,,,,,,,,,900.4417523,,,,,,,,,,,,,,,1022.334202,,,,,,,
Jordan,JOR,Urban land area (sq. km),AG.LND.TOTL.UR.K2,,,,,,,,,,,,,,,,,,,,,,,,,,,,,,,1053.324805,,,,,,,,,,1569.501695,,,,,,,,,,,,,,,2170.090187,,,,,,,
Japan,JPN,Urban land area (sq. km),AG.LND.TOTL.UR.K2,,,,,,,,,,,,,,,,,,,,,,,,,,,,,,,50992.76311,,,,,,,,,,52716.86291,,,,,,,,,,,,,,,53452.06098,,,,,,,
Kazakhstan,KAZ,Urban land area (sq. km),AG.LND.TOTL.UR.K2,,,,,,,,,,,,,,,,,,,,,,,,,,,,,,,5659.331297,,,,,,,,,,5709.251321,,,,,,,,,,,,,,,6363.389933,,,,,,,
Kenya,KEN,Urban land area (sq. km),AG.LND.TOTL.UR.K2,,,,,,,,,,,,,,,,,,,,,,,,,,,,,,,1418.43057,,,,,,,,,,2197.790033,,,,,,,,,,,,,,,3416.836892,,,,,,,
Kyrgyz Republic,KGZ,Urban land area (sq. km),AG.LND.TOTL.UR.K2,,,,,,,,,,,,,,,,,,,,,,,,,,,,,,,1486.192497,,,,,,,,,,1788.11835,,,,,,,,,,,,,,,2136.338096,,,,,,,
Cambodia,KHM,Urban land area (sq. km),AG.LND.TOTL.UR.K2,,,,,,,,,,,,,,,,,,,,,,,,,,,,,,,949.82476,,,,,,,,,,1517.035654,,,,,,,,,,,,,,,1838.753132,,,,,,,
Kiribati,KIR,Urban land area (sq. km),AG.LND.TOTL.UR.K2,,,,,,,,,,,,,,,,,,,,,,,,,,,,,,,1.085727241,,,,,,,,,,1.333440939,,,,,,,,,,,,,,,5.187512818,,,,,,,
St. Kitts and Nevis,KNA,Urban land area (sq. km),AG.LND.TOTL.UR.K2,,,,,,,,,,,,,,,,,,,,,,,,,,,,,,,6.238609625,,,,,,,,,,10.18673713,,,,,,,,,,,,,,,11.73957624,,,,,,,
"Korea, Rep.",KOR,Urban land area (sq. km),AG.LND.TOTL.UR.K2,,,,,,,,,,,,,,,,,,,,,,,,,,,,,,,8036.643562,,,,,,,,,,10324.50824,,,,,,,,,,,,,,,12473.40781,,,,,,,
Kuwait,KWT,Urban land area (sq. km),AG.LND.TOTL.UR.K2,,,,,,,,,,,,,,,,,,,,,,,,,,,,,,,596.2975091,,,,,,,,,,636.6046667,,,,,,,,,,,,,,,772.9420165,,,,,,,
Latin America & Caribbean (excluding high income),LAC,Urban land area (sq. km),AG.LND.TOTL.UR.K2,,,,,,,,,,,,,,,,,,,,,,,,,,,,,,,81830.42391,,,,,,,,,,99210.91781,,,,,,,,,,,,,,,117022.0078,,,,,,,
Lao PDR,LAO,Urban land area (sq. km),AG.LND.TOTL.UR.K2,,,,,,,,,,,,,,,,,,,,,,,,,,,,,,,241.3509245,,,,,,,,,,370.371061,,,,,,,,,,,,,,,542.1731935,,,,,,,
Lebanon,LBN,Urban land area (sq. km),AG.LND.TOTL.UR.K2,,,,,,,,,,,,,,,,,,,,,,,,,,,,,,,904.830605,,,,,,,,,,1160.218087,,,,,,,,,,,,,,,1871.968346,,,,,,,
Liberia,LBR,Urban land area (sq. km),AG.LND.TOTL.UR.K2,,,,,,,,,,,,,,,,,,,,,,,,,,,,,,,426.2282873,,,,,,,,,,516.7008009,,,,,,,,,,,,,,,652.5563654,,,,,,,
Libya,LBY,Urban land area (sq. km),AG.LND.TOTL.UR.K2,,,,,,,,,,,,,,,,,,,,,,,,,,,,,,,2116.592507,,,,,,,,,,2510.010889,,,,,,,,,,,,,,,2958.151043,,,,,,,
St. Lucia,LCA,Urban land area (sq. km),AG.LND.TOTL.UR.K2,,,,,,,,,,,,,,,,,,,,,,,,,,,,,,,46.14321279,,,,,,,,,,60.46926232,,,,,,,,,,,,,,,72.57370006,,,,,,,
Latin America & Caribbean,LCN,Urban land area (sq. km),AG.LND.TOTL.UR.K2,,,,,,,,,,,,,,,,,,,,,,,,,,,,,,,93818.81555,,,,,,,,,,113330.8847,,,,,,,,,,,,,,,133009.1864,,,,,,,
Least developed countries: UN classification,LDC,Urban land area (sq. km),AG.LND.TOTL.UR.K2,,,,,,,,,,,,,,,,,,,,,,,,,,,,,,,85982.04559,,,,,,,,,,103897.4626,,,,,,,,,,,,,,,131134.6167,,,,,,,
Low income,LIC,Urban land area (sq. km),AG.LND.TOTL.UR.K2,,,,,,,,,,,,,,,,,,,,,,,,,,,,,,,30458.38114,,,,,,,,,,40588.90241,,,,,,,,,,,,,,,56582.73593,,,,,,,
Liechtenstein,LIE,Urban land area (sq. km),AG.LND.TOTL.UR.K2,,,,,,,,,,,,,,,,,,,,,,,,,,,,,,,26.86820184,,,,,,,,,,32.37608683,,,,,,,,,,,,,,,38.35595065,,,,,,,
Sri Lanka,LKA,Urban land area (sq. km),AG.LND.TOTL.UR.K2,,,,,,,,,,,,,,,,,,,,,,,,,,,,,,,2517.584528,,,,,,,,,,3035.135087,,,,,,,,,,,,,,,3627.830501,,,,,,,
Lower middle income,LMC,Urban land area (sq. km),AG.LND.TOTL.UR.K2,,,,,,,,,,,,,,,,,,,,,,,,,,,,,,,340096.9039,,,,,,,,,,425753.5183,,,,,,,,,,,,,,,547404.0829,,,,,,,
Low & middle income,LMY,Urban land area (sq. km),AG.LND.TOTL.UR.K2,,,,,,,,,,,,,,,,,,,,,,,,,,,,,,,933198.451,,,,,,,,,,1136501.038,,,,,,,,,,,,,,,1389858.924,,,,,,,
Lesotho,LSO,Urban land area (sq. km),AG.LND.TOTL.UR.K2,,,,,,,,,,,,,,,,,,,,,,,,,,,,,,,192.6076173,,,,,,,,,,231.5941755,,,,,,,,,,,,,,,249.9415823,,,,,,,
Late-demographic dividend,LTE,Urban land area (sq. km),AG.LND.TOTL.UR.K2,,,,,,,,,,,,,,,,,,,,,,,,,,,,,,,553685.6622,,,,,,,,,,654515.7662,,,,,,,,,,,,,,,762627.5023,,,,,,,
Lithuania,LTU,Urban land area (sq. km),AG.LND.TOTL.UR.K2,,,,,,,,,,,,,,,,,,,,,,,,,,,,,,,1187.724456,,,,,,,,,,1242.433174,,,,,,,,,,,,,,,1185.850171,,,,,,,
Luxembourg,LUX,Urban land area (sq. km),AG.LND.TOTL.UR.K2,,,,,,,,,,,,,,,,,,,,,,,,,,,,,,,187.0335327,,,,,,,,,,208.0600102,,,,,,,,,,,,,,,283.4979815,,,,,,,
Latvia,LVA,Urban land area (sq. km),AG.LND.TOTL.UR.K2,,,,,,,,,,,,,,,,,,,,,,,,,,,,,,,810.5150965,,,,,,,,,,783.9410578,,,,,,,,,,,,,,,676.2682094,,,,,,,
"Macao SAR, China",MAC,Urban land area (sq. km),AG.LND.TOTL.UR.K2,,,,,,,,,,,,,,,,,,,,,,,,,,,,,,,14.94969192,,,,,,,,,,17.16920578,,,,,,,,,,,,,,,17.76442698,,,,,,,
St. Martin (French part),MAF,Urban land area (sq. km),AG.LND.TOTL.UR.K2,,,,,,,,,,,,,,,,,,,,,,,,,,,,,,,13.37127776,,,,,,,,,,18.70554393,,,,,,,,,,,,,,,21.50833037,,,,,,,
Morocco,MAR,Urban land area (sq. km),AG.LND.TOTL.UR.K2,,,,,,,,,,,,,,,,,,,,,,,,,,,,,,,3059.000106,,,,,,,,,,3858.464212,,,,,,,,,,,,,,,4621.348251,,,,,,,
Monaco,MCO,Urban land area (sq. km),AG.LND.TOTL.UR.K2,,,,,,,,,,,,,,,,,,,,,,,,,,,,,,,2.776532966,,,,,,,,,,2.776532966,,,,,,,,,,,,,,,2.776532966,,,,,,,
Moldova,MDA,Urban land area (sq. km),AG.LND.TOTL.UR.K2,,,,,,,,,,,,,,,,,,,,,,,,,,,,,,,1610.963556,,,,,,,,,,1568.589936,,,,,,,,,,,,,,,1576.100252,,,,,,,
Madagascar,MDG,Urban land area (sq. km),AG.LND.TOTL.UR.K2,,,,,,,,,,,,,,,,,,,,,,,,,,,,,,,768.5422974,,,,,,,,,,1127.0916,,,,,,,,,,,,,,,1660.585775,,,,,,,
Maldives,MDV,Urban land area (sq. km),AG.LND.TOTL.UR.K2,,,,,,,,,,,,,,,,,,,,,,,,,,,,,,,14.25598904,,,,,,,,,,14.79144265,,,,,,,,,,,,,,,14.35453059,,,,,,,
Middle East & North Africa,MEA,Urban land area (sq. km),AG.LND.TOTL.UR.K2,,,,,,,,,,,,,,,,,,,,,,,,,,,,,,,55984.01449,,,,,,,,,,71745.13369,,,,,,,,,,,,,,,90352.0022,,,,,,,
Mexico,MEX,Urban land area (sq. km),AG.LND.TOTL.UR.K2,,,,,,,,,,,,,,,,,,,,,,,,,,,,,,,17098.26637,,,,,,,,,,21841.73249,,,,,,,,,,,,,,,28588.1316,,,,,,,
Marshall Islands,MHL,Urban land area (sq. km),AG.LND.TOTL.UR.K2,,,,,,,,,,,,,,,,,,,,,,,,,,,,,,,4.307763281,,,,,,,,,,6.569878989,,,,,,,,,,,,,,,8.618052053,,,,,,,
Middle income,MIC,Urban land area (sq. km),AG.LND.TOTL.UR.K2,,,,,,,,,,,,,,,,,,,,,,,,,,,,,,,902740.0699,,,,,,,,,,1095912.135,,,,,,,,,,,,,,,1333276.188,,,,,,,
North Macedonia,MKD,Urban land area (sq. km),AG.LND.TOTL.UR.K2,,,,,,,,,,,,,,,,,,,,,,,,,,,,,,,569.7449112,,,,,,,,,,641.0645576,,,,,,,,,,,,,,,701.2678632,,,,,,,
Mali,MLI,Urban land area (sq. km),AG.LND.TOTL.UR.K2,,,,,,,,,,,,,,,,,,,,,,,,,,,,,,,923.6946017,,,,,,,,,,1118.293872,,,,,,,,,,,,,,,1505.018657,,,,,,,
Malta,MLT,Urban land area (sq. km),AG.LND.TOTL.UR.K2,,,,,,,,,,,,,,,,,,,,,,,,,,,,,,,158.4636681,,,,,,,,,,166.2519305,,,,,,,,,,,,,,,173.5234188,,,,,,,
Myanmar,MMR,Urban land area (sq. km),AG.LND.TOTL.UR.K2,,,,,,,,,,,,,,,,,,,,,,,,,,,,,,,3340.802819,,,,,,,,,,4901.51056,,,,,,,,,,,,,,,5783.529449,,,,,,,
Middle East & North Africa (excluding high income),MNA,Urban land area (sq. km),AG.LND.TOTL.UR.K2,,,,,,,,,,,,,,,,,,,,,,,,,,,,,,,46191.21035,,,,,,,,,,59587.47114,,,,,,,,,,,,,,,74133.22475,,,,,,,
Montenegro,MNE,Urban land area (sq. km),AG.LND.TOTL.UR.K2,,,,,,,,,,,,,,,,,,,,,,,,,,,,,,,259.2613494,,,,,,,,,,281.6253665,,,,,,,,,,,,,,,294.6491995,,,,,,,
Mongolia,MNG,Urban land area (sq. km),AG.LND.TOTL.UR.K2,,,,,,,,,,,,,,,,,,,,,,,,,,,,,,,305.6074818,,,,,,,,,,331.5704328,,,,,,,,,,,,,,,354.9778717,,,,,,,
Northern Mariana Islands,MNP,Urban land area (sq. km),AG.LND.TOTL.UR.K2,,,,,,,,,,,,,,,,,,,,,,,,,,,,,,,25.55856573,,,,,,,,,,30.64031681,,,,,,,,,,,,,,,25.55856573,,,,,,,
Mozambique,MOZ,Urban land area (sq. km),AG.LND.TOTL.UR.K2,,,,,,,,,,,,,,,,,,,,,,,,,,,,,,,1721.517269,,,,,,,,,,2231.822116,,,,,,,,,,,,,,,2943.198864,,,,,,,
Mauritania,MRT,Urban land area (sq. km),AG.LND.TOTL.UR.K2,,,,,,,,,,,,,,,,,,,,,,,,,,,,,,,254.9517131,,,,,,,,,,298.9496258,,,,,,,,,,,,,,,373.5388786,,,,,,,
Mauritius,MUS,Urban land area (sq. km),AG.LND.TOTL.UR.K2,,,,,,,,,,,,,,,,,,,,,,,,,,,,,,,311.3541444,,,,,,,,,,323.5701257,,,,,,,,,,,,,,,475.8035424,,,,,,,
Malawi,MWI,Urban land area (sq. km),AG.LND.TOTL.UR.K2,,,,,,,,,,,,,,,,,,,,,,,,,,,,,,,401.6596635,,,,,,,,,,530.1358039,,,,,,,,,,,,,,,770.8614489,,,,,,,
Malaysia,MYS,Urban land area (sq. km),AG.LND.TOTL.UR.K2,,,,,,,,,,,,,,,,,,,,,,,,,,,,,,,7531.974293,,,,,,,,,,9469.32443,,,,,,,,,,,,,,,11417.6354,,,,,,,
North America,NAC,Urban land area (sq. km),AG.LND.TOTL.UR.K2,,,,,,,,,,,,,,,,,,,,,,,,,,,,,,,157772.4094,,,,,,,,,,178742.827,,,,,,,,,,,,,,,200598.5282,,,,,,,
Namibia,NAM,Urban land area (sq. km),AG.LND.TOTL.UR.K2,,,,,,,,,,,,,,,,,,,,,,,,,,,,,,,168.0393034,,,,,,,,,,267.3057863,,,,,,,,,,,,,,,342.3176144,,,,,,,
New Caledonia,NCL,Urban land area (sq. km),AG.LND.TOTL.UR.K2,,,,,,,,,,,,,,,,,,,,,,,,,,,,,,,42.71228931,,,,,,,,,,50.13103992,,,,,,,,,,,,,,,89.00013382,,,,,,,
Niger,NER,Urban land area (sq. km),AG.LND.TOTL.UR.K2,,,,,,,,,,,,,,,,,,,,,,,,,,,,,,,612.22388,,,,,,,,,,792.1760017,,,,,,,,,,,,,,,1313.950219,,,,,,,
Nigeria,NGA,Urban land area (sq. km),AG.LND.TOTL.UR.K2,,,,,,,,,,,,,,,,,,,,,,,,,,,,,,,15004.18909,,,,,,,,,,18771.46891,,,,,,,,,,,,,,,25189.86866,,,,,,,
Nicaragua,NIC,Urban land area (sq. km),AG.LND.TOTL.UR.K2,,,,,,,,,,,,,,,,,,,,,,,,,,,,,,,680.7941999,,,,,,,,,,818.2837512,,,,,,,,,,,,,,,992.8293569,,,,,,,
Netherlands,NLD,Urban land area (sq. km),AG.LND.TOTL.UR.K2,,,,,,,,,,,,,,,,,,,,,,,,,,,,,,,6941.632233,,,,,,,,,,7724.295166,,,,,,,,,,,,,,,8322.48914,,,,,,,
Norway,NOR,Urban land area (sq. km),AG.LND.TOTL.UR.K2,,,,,,,,,,,,,,,,,,,,,,,,,,,,,,,1674.289883,,,,,,,,,,1793.044519,,,,,,,,,,,,,,,2007.78451,,,,,,,
Nepal,NPL,Urban land area (sq. km),AG.LND.TOTL.UR.K2,,,,,,,,,,,,,,,,,,,,,,,,,,,,,,,2178.460217,,,,,,,,,,1888.331119,,,,,,,,,,,,,,,3041.754743,,,,,,,
Nauru,NRU,Urban land area (sq. km),AG.LND.TOTL.UR.K2,,,,,,,,,,,,,,,,,,,,,,,,,,,,,,,6.888470976,,,,,,,,,,6.980277998,,,,,,,,,,,,,,,6.980277998,,,,,,,
New Zealand,NZL,Urban land area (sq. km),AG.LND.TOTL.UR.K2,,,,,,,,,,,,,,,,,,,,,,,,,,,,,,,1740.861789,,,,,,,,,,1840.877789,,,,,,,,,,,,,,,1970.292306,,,,,,,
OECD members,OED,Urban land area (sq. km),AG.LND.TOTL.UR.K2,,,,,,,,,,,,,,,,,,,,,,,,,,,,,,,431595.8731,,,,,,,,,,477478.8445,,,,,,,,,,,,,,,526444.5459,,,,,,,
Oman,OMN,Urban land area (sq. km),AG.LND.TOTL.UR.K2,,,,,,,,,,,,,,,,,,,,,,,,,,,,,,,712.6239754,,,,,,,,,,983.315746,,,,,,,,,,,,,,,1500.494267,,,,,,,
Other small states,OSS,Urban land area (sq. km),AG.LND.TOTL.UR.K2,,,,,,,,,,,,,,,,,,,,,,,,,,,,,,,3995.992219,,,,,,,,,,4934.361583,,,,,,,,,,,,,,,6202.276424,,,,,,,
Pakistan,PAK,Urban land area (sq. km),AG.LND.TOTL.UR.K2,,,,,,,,,,,,,,,,,,,,,,,,,,,,,,,9769.539277,,,,,,,,,,18284.72543,,,,,,,,,,,,,,,39082.02197,,,,,,,
Panama,PAN,Urban land area (sq. km),AG.LND.TOTL.UR.K2,,,,,,,,,,,,,,,,,,,,,,,,,,,,,,,696.3772688,,,,,,,,,,868.8400232,,,,,,,,,,,,,,,1070.980785,,,,,,,
Peru,PER,Urban land area (sq. km),AG.LND.TOTL.UR.K2,,,,,,,,,,,,,,,,,,,,,,,,,,,,,,,2584.0412,,,,,,,,,,2964.802913,,,,,,,,,,,,,,,3457.867933,,,,,,,
Philippines,PHL,Urban land area (sq. km),AG.LND.TOTL.UR.K2,,,,,,,,,,,,,,,,,,,,,,,,,,,,,,,7769.962462,,,,,,,,,,9407.764673,,,,,,,,,,,,,,,12151.46533,,,,,,,
Palau,PLW,Urban land area (sq. km),AG.LND.TOTL.UR.K2,,,,,,,,,,,,,,,,,,,,,,,,,,,,,,,4.8932018,,,,,,,,,,4.8932018,,,,,,,,,,,,,,,4.8932018,,,,,,,
Papua New Guinea,PNG,Urban land area (sq. km),AG.LND.TOTL.UR.K2,,,,,,,,,,,,,,,,,,,,,,,,,,,,,,,279.6331353,,,,,,,,,,320.6937924,,,,,,,,,,,,,,,415.3979695,,,,,,,
Poland,POL,Urban land area (sq. km),AG.LND.TOTL.UR.K2,,,,,,,,,,,,,,,,,,,,,,,,,,,,,,,12463.98975,,,,,,,,,,13503.10285,,,,,,,,,,,,,,,14773.80472,,,,,,,
Pre-demographic dividend,PRE,Urban land area (sq. km),AG.LND.TOTL.UR.K2,,,,,,,,,,,,,,,,,,,,,,,,,,,,,,,50882.64026,,,,,,,,,,66778.55795,,,,,,,,,,,,,,,93257.70122,,,,,,,
Puerto Rico,PRI,Urban land area (sq. km),AG.LND.TOTL.UR.K2,,,,,,,,,,,,,,,,,,,,,,,,,,,,,,,2004.069386,,,,,,,,,,2284.459574,,,,,,,,,,,,,,,2390.731346,,,,,,,
"Korea, Dem. People's Rep.",PRK,Urban land area (sq. km),AG.LND.TOTL.UR.K2,,,,,,,,,,,,,,,,,,,,,,,,,,,,,,,2224.53079,,,,,,,,,,2475.188733,,,,,,,,,,,,,,,2678.344984,,,,,,,
Portugal,PRT,Urban land area (sq. km),AG.LND.TOTL.UR.K2,,,,,,,,,,,,,,,,,,,,,,,,,,,,,,,3898.833538,,,,,,,,,,4069.336469,,,,,,,,,,,,,,,4165.146685,,,,,,,
Paraguay,PRY,Urban land area (sq. km),AG.LND.TOTL.UR.K2,,,,,,,,,,,,,,,,,,,,,,,,,,,,,,,936.0666559,,,,,,,,,,1124.887336,,,,,,,,,,,,,,,1320.831273,,,,,,,
West Bank and Gaza,PSE,Urban land area (sq. km),AG.LND.TOTL.UR.K2,,,,,,,,,,,,,,,,,,,,,,,,,,,,,,,857.0896804,,,,,,,,,,1211.921054,,,,,,,,,,,,,,,1629.720015,,,,,,,
Pacific island small states,PSS,Urban land area (sq. km),AG.LND.TOTL.UR.K2,,,,,,,,,,,,,,,,,,,,,,,,,,,,,,,172.1635082,,,,,,,,,,191.1087748,,,,,,,,,,,,,,,292.5614957,,,,,,,
Post-demographic dividend,PST,Urban land area (sq. km),AG.LND.TOTL.UR.K2,,,,,,,,,,,,,,,,,,,,,,,,,,,,,,,408819.7716,,,,,,,,,,443802.5169,,,,,,,,,,,,,,,479395.7444,,,,,,,
French Polynesia,PYF,Urban land area (sq. km),AG.LND.TOTL.UR.K2,,,,,,,,,,,,,,,,,,,,,,,,,,,,,,,66.53763311,,,,,,,,,,77.33339107,,,,,,,,,,,,,,,84.93705086,,,,,,,
Qatar,QAT,Urban land area (sq. km),AG.LND.TOTL.UR.K2,,,,,,,,,,,,,,,,,,,,,,,,,,,,,,,349.3405436,,,,,,,,,,416.7205011,,,,,,,,,,,,,,,678.0532012,,,,,,,
Romania,ROU,Urban land area (sq. km),AG.LND.TOTL.UR.K2,,,,,,,,,,,,,,,,,,,,,,,,,,,,,,,5701.550893,,,,,,,,,,5588.374407,,,,,,,,,,,,,,,5124.834377,,,,,,,
Russian Federation,RUS,Urban land area (sq. km),AG.LND.TOTL.UR.K2,,,,,,,,,,,,,,,,,,,,,,,,,,,,,,,51076.66833,,,,,,,,,,52919.54065,,,,,,,,,,,,,,,52886.95487,,,,,,,
Rwanda,RWA,Urban land area (sq. km),AG.LND.TOTL.UR.K2,,,,,,,,,,,,,,,,,,,,,,,,,,,,,,,794.9455663,,,,,,,,,,991.8849603,,,,,,,,,,,,,,,1506.225743,,,,,,,
South Asia,SAS,Urban land area (sq. km),AG.LND.TOTL.UR.K2,,,,,,,,,,,,,,,,,,,,,,,,,,,,,,,160899.027,,,,,,,,,,202181.0315,,,,,,,,,,,,,,,278597.6042,,,,,,,
Saudi Arabia,SAU,Urban land area (sq. km),AG.LND.TOTL.UR.K2,,,,,,,,,,,,,,,,,,,,,,,,,,,,,,,4925.536531,,,,,,,,,,6050.744982,,,,,,,,,,,,,,,7756.634132,,,,,,,
Sudan,SDN,Urban land area (sq. km),AG.LND.TOTL.UR.K2,,,,,,,,,,,,,,,,,,,,,,,,,,,,,,,2248.0111,,,,,,,,,,2928.384701,,,,,,,,,,,,,,,3789.644469,,,,,,,
Senegal,SEN,Urban land area (sq. km),AG.LND.TOTL.UR.K2,,,,,,,,,,,,,,,,,,,,,,,,,,,,,,,855.244552,,,,,,,,,,1047.24809,,,,,,,,,,,,,,,1566.403821,,,,,,,
Singapore,SGP,Urban land area (sq. km),AG.LND.TOTL.UR.K2,,,,,,,,,,,,,,,,,,,,,,,,,,,,,,,420.6863124,,,,,,,,,,427.6370872,,,,,,,,,,,,,,,454.0838427,,,,,,,
Solomon Islands,SLB,Urban land area (sq. km),AG.LND.TOTL.UR.K2,,,,,,,,,,,,,,,,,,,,,,,,,,,,,,,13.70497561,,,,,,,,,,21.96598239,,,,,,,,,,,,,,,37.8334884,,,,,,,
Sierra Leone,SLE,Urban land area (sq. km),AG.LND.TOTL.UR.K2,,,,,,,,,,,,,,,,,,,,,,,,,,,,,,,376.9897641,,,,,,,,,,487.4739076,,,,,,,,,,,,,,,713.580516,,,,,,,
El Salvador,SLV,Urban land area (sq. km),AG.LND.TOTL.UR.K2,,,,,,,,,,,,,,,,,,,,,,,,,,,,,,,928.567405,,,,,,,,,,1259.00123,,,,,,,,,,,,,,,1559.874606,,,,,,,
San Marino,SMR,Urban land area (sq. km),AG.LND.TOTL.UR.K2,,,,,,,,,,,,,,,,,,,,,,,,,,,,,,,17.44028221,,,,,,,,,,18.61122903,,,,,,,,,,,,,,,22.01373734,,,,,,,
Somalia,SOM,Urban land area (sq. km),AG.LND.TOTL.UR.K2,,,,,,,,,,,,,,,,,,,,,,,,,,,,,,,807.2263252,,,,,,,,,,895.7627218,,,,,,,,,,,,,,,1451.274762,,,,,,,
Serbia,SRB,Urban land area (sq. km),AG.LND.TOTL.UR.K2,,,,,,,,,,,,,,,,,,,,,,,,,,,,,,,2406.759056,,,,,,,,,,2511.142793,,,,,,,,,,,,,,,2323.39062,,,,,,,
Sub-Saharan Africa (excluding high income),SSA,Urban land area (sq. km),AG.LND.TOTL.UR.K2,,,,,,,,,,,,,,,,,,,,,,,,,,,,,,,66183.40732,,,,,,,,,,85976.65949,,,,,,,,,,,,,,,115017.7445,,,,,,,
South Sudan,SSD,Urban land area (sq. km),AG.LND.TOTL.UR.K2,,,,,,,,,,,,,,,,,,,,,,,,,,,,,,,337.1338309,,,,,,,,,,448.1873625,,,,,,,,,,,,,,,666.3547216,,,,,,,
Sub-Saharan Africa,SSF,Urban land area (sq. km),AG.LND.TOTL.UR.K2,,,,,,,,,,,,,,,,,,,,,,,,,,,,,,,66192.1776,,,,,,,,,,85988.75595,,,,,,,,,,,,,,,115031.1121,,,,,,,
Small states,SST,Urban land area (sq. km),AG.LND.TOTL.UR.K2,,,,,,,,,,,,,,,,,,,,,,,,,,,,,,,6453.227965,,,,,,,,,,7789.566823,,,,,,,,,,,,,,,9545.945101,,,,,,,
Sao Tome and Principe,STP,Urban land area (sq. km),AG.LND.TOTL.UR.K2,,,,,,,,,,,,,,,,,,,,,,,,,,,,,,,8.491293059,,,,,,,,,,12.00397061,,,,,,,,,,,,,,,10.25014447,,,,,,,
Suriname,SUR,Urban land area (sq. km),AG.LND.TOTL.UR.K2,,,,,,,,,,,,,,,,,,,,,,,,,,,,,,,126.2387002,,,,,,,,,,179.4816804,,,,,,,,,,,,,,,261.3952571,,,,,,,
Slovak Republic,SVK,Urban land area (sq. km),AG.LND.TOTL.UR.K2,,,,,,,,,,,,,,,,,,,,,,,,,,,,,,,1602.722106,,,,,,,,,,1666.238739,,,,,,,,,,,,,,,1805.386356,,,,,,,
Slovenia,SVN,Urban land area (sq. km),AG.LND.TOTL.UR.K2,,,,,,,,,,,,,,,,,,,,,,,,,,,,,,,735.4386402,,,,,,,,,,763.1291423,,,,,,,,,,,,,,,804.8115698,,,,,,,
Sweden,SWE,Urban land area (sq. km),AG.LND.TOTL.UR.K2,,,,,,,,,,,,,,,,,,,,,,,,,,,,,,,3771.81228,,,,,,,,,,3846.662579,,,,,,,,,,,,,,,4064.22826,,,,,,,
Eswatini,SWZ,Urban land area (sq. km),AG.LND.TOTL.UR.K2,,,,,,,,,,,,,,,,,,,,,,,,,,,,,,,82.62049622,,,,,,,,,,126.9213335,,,,,,,,,,,,,,,177.9186709,,,,,,,
Sint Maarten (Dutch part),SXM,Urban land area (sq. km),AG.LND.TOTL.UR.K2,,,,,,,,,,,,,,,,,,,,,,,,,,,,,,,19.96095043,,,,,,,,,,22.4898059,,,,,,,,,,,,,,,24.87416134,,,,,,,
Seychelles,SYC,Urban land area (sq. km),AG.LND.TOTL.UR.K2,,,,,,,,,,,,,,,,,,,,,,,,,,,,,,,8.770279678,,,,,,,,,,12.09646166,,,,,,,,,,,,,,,13.36753015,,,,,,,
Syrian Arab Republic,SYR,Urban land area (sq. km),AG.LND.TOTL.UR.K2,,,,,,,,,,,,,,,,,,,,,,,,,,,,,,,3065.481251,,,,,,,,,,4189.808484,,,,,,,,,,,,,,,5092.250182,,,,,,,
Turks and Caicos Islands,TCA,Urban land area (sq. km),AG.LND.TOTL.UR.K2,,,,,,,,,,,,,,,,,,,,,,,,,,,,,,,0,,,,,,,,,,9.885982692,,,,,,,,,,,,,,,24.42843303,,,,,,,
Chad,TCD,Urban land area (sq. km),AG.LND.TOTL.UR.K2,,,,,,,,,,,,,,,,,,,,,,,,,,,,,,,528.1056013,,,,,,,,,,705.1781641,,,,,,,,,,,,,,,948.8241376,,,,,,,
East Asia & Pacific (IDA & IBRD countries),TEA,Urban land area (sq. km),AG.LND.TOTL.UR.K2,,,,,,,,,,,,,,,,,,,,,,,,,,,,,,,458840.5136,,,,,,,,,,561383.9655,,,,,,,,,,,,,,,671093.3525,,,,,,,
Europe & Central Asia (IDA & IBRD countries),TEC,Urban land area (sq. km),AG.LND.TOTL.UR.K2,,,,,,,,,,,,,,,,,,,,,,,,,,,,,,,136831.9248,,,,,,,,,,146397.2299,,,,,,,,,,,,,,,152847.2424,,,,,,,
Togo,TGO,Urban land area (sq. km),AG.LND.TOTL.UR.K2,,,,,,,,,,,,,,,,,,,,,,,,,,,,,,,563.6957092,,,,,,,,,,728.3337347,,,,,,,,,,,,,,,895.2206286,,,,,,,
Thailand,THA,Urban land area (sq. km),AG.LND.TOTL.UR.K2,,,,,,,,,,,,,,,,,,,,,,,,,,,,,,,12420.82084,,,,,,,,,,16567.84071,,,,,,,,,,,,,,,19506.66092,,,,,,,
Tajikistan,TJK,Urban land area (sq. km),AG.LND.TOTL.UR.K2,,,,,,,,,,,,,,,,,,,,,,,,,,,,,,,2447.739099,,,,,,,,,,2983.003385,,,,,,,,,,,,,,,3745.362281,,,,,,,
Turkmenistan,TKM,Urban land area (sq. km),AG.LND.TOTL.UR.K2,,,,,,,,,,,,,,,,,,,,,,,,,,,,,,,1275.047337,,,,,,,,,,1743.072907,,,,,,,,,,,,,,,2004.623641,,,,,,,
Latin America & the Caribbean (IDA & IBRD countries),TLA,Urban land area (sq. km),AG.LND.TOTL.UR.K2,,,,,,,,,,,,,,,,,,,,,,,,,,,,,,,88729.1021,,,,,,,,,,107576.8307,,,,,,,,,,,,,,,126742.8835,,,,,,,
Timor-Leste,TLS,Urban land area (sq. km),AG.LND.TOTL.UR.K2,,,,,,,,,,,,,,,,,,,,,,,,,,,,,,,41.63791028,,,,,,,,,,58.74173347,,,,,,,,,,,,,,,74.47177288,,,,,,,
Middle East & North Africa (IDA & IBRD countries),TMN,Urban land area (sq. km),AG.LND.TOTL.UR.K2,,,,,,,,,,,,,,,,,,,,,,,,,,,,,,,45334.12067,,,,,,,,,,58375.55008,,,,,,,,,,,,,,,72503.50473,,,,,,,
Tonga,TON,Urban land area (sq. km),AG.LND.TOTL.UR.K2,,,,,,,,,,,,,,,,,,,,,,,,,,,,,,,29.07690714,,,,,,,,,,26.05533073,,,,,,,,,,,,,,,29.64733846,,,,,,,
South Asia (IDA & IBRD),TSA,Urban land area (sq. km),AG.LND.TOTL.UR.K2,,,,,,,,,,,,,,,,,,,,,,,,,,,,,,,160899.027,,,,,,,,,,202181.0315,,,,,,,,,,,,,,,278597.6042,,,,,,,
Sub-Saharan Africa (IDA & IBRD countries),TSS,Urban land area (sq. km),AG.LND.TOTL.UR.K2,,,,,,,,,,,,,,,,,,,,,,,,,,,,,,,66192.1776,,,,,,,,,,85988.75595,,,,,,,,,,,,,,,115031.1121,,,,,,,
Trinidad and Tobago,TTO,Urban land area (sq. km),AG.LND.TOTL.UR.K2,,,,,,,,,,,,,,,,,,,,,,,,,,,,,,,648.6020991,,,,,,,,,,715.5626414,,,,,,,,,,,,,,,812.9608679,,,,,,,
Tunisia,TUN,Urban land area (sq. km),AG.LND.TOTL.UR.K2,,,,,,,,,,,,,,,,,,,,,,,,,,,,,,,2135.101761,,,,,,,,,,2481.176695,,,,,,,,,,,,,,,2877.948644,,,,,,,
Turkiye,TUR,Urban land area (sq. km),AG.LND.TOTL.UR.K2,,,,,,,,,,,,,,,,,,,,,,,,,,,,,,,10117.15825,,,,,,,,,,13051.67893,,,,,,,,,,,,,,,15460.68824,,,,,,,
Tuvalu,TUV,Urban land area (sq. km),AG.LND.TOTL.UR.K2,,,,,,,,,,,,,,,,,,,,,,,,,,,,,,,0,,,,,,,,,,0,,,,,,,,,,,,,,,0,,,,,,,
Tanzania,TZA,Urban land area (sq. km),AG.LND.TOTL.UR.K2,,,,,,,,,,,,,,,,,,,,,,,,,,,,,,,2743.669529,,,,,,,,,,3766.219001,,,,,,,,,,,,,,,5282.86997,,,,,,,
Uganda,UGA,Urban land area (sq. km),AG.LND.TOTL.UR.K2,,,,,,,,,,,,,,,,,,,,,,,,,,,,,,,1690.701181,,,,,,,,,,2506.723587,,,,,,,,,,,,,,,3854.118139,,,,,,,
Ukraine,UKR,Urban land area (sq. km),AG.LND.TOTL.UR.K2,,,,,,,,,,,,,,,,,,,,,,,,,,,,,,,17618.85579,,,,,,,,,,17214.03285,,,,,,,,,,,,,,,16271.29501,,,,,,,
Upper middle income,UMC,Urban land area (sq. km),AG.LND.TOTL.UR.K2,,,,,,,,,,,,,,,,,,,,,,,,,,,,,,,562643.166,,,,,,,,,,670158.6169,,,,,,,,,,,,,,,785872.1052,,,,,,,
Uruguay,URY,Urban land area (sq. km),AG.LND.TOTL.UR.K2,,,,,,,,,,,,,,,,,,,,,,,,,,,,,,,836.6392555,,,,,,,,,,953.2953665,,,,,,,,,,,,,,,1017.871369,,,,,,,
United States,USA,Urban land area (sq. km),AG.LND.TOTL.UR.K2,,,,,,,,,,,,,,,,,,,,,,,,,,,,,,,145961.8792,,,,,,,,,,165933.1723,,,,,,,,,,,,,,,186573.4467,,,,,,,
Uzbekistan,UZB,Urban land area (sq. km),AG.LND.TOTL.UR.K2,,,,,,,,,,,,,,,,,,,,,,,,,,,,,,,10833.61843,,,,,,,,,,13159.14531,,,,,,,,,,,,,,,15432.20255,,,,,,,
St. Vincent and the Grenadines,VCT,Urban land area (sq. km),AG.LND.TOTL.UR.K2,,,,,,,,,,,,,,,,,,,,,,,,,,,,,,,58.09122827,,,,,,,,,,67.7432094,,,,,,,,,,,,,,,68.76264789,,,,,,,
"Venezuela, RB",VEN,Urban land area (sq. km),AG.LND.TOTL.UR.K2,,,,,,,,,,,,,,,,,,,,,,,,,,,,,,,4545.038525,,,,,,,,,,5449.132491,,,,,,,,,,,,,,,6248.974133,,,,,,,
British Virgin Islands,VGB,Urban land area (sq. km),AG.LND.TOTL.UR.K2,,,,,,,,,,,,,,,,,,,,,,,,,,,,,,,0,,,,,,,,,,7.262706658,,,,,,,,,,,,,,,14.44612028,,,,,,,
Virgin Islands (U.S.),VIR,Urban land area (sq. km),AG.LND.TOTL.UR.K2,,,,,,,,,,,,,,,,,,,,,,,,,,,,,,,75.44978138,,,,,,,,,,82.4955998,,,,,,,,,,,,,,,86.36995347,,,,,,,
Viet Nam,VNM,Urban land area (sq. km),AG.LND.TOTL.UR.K2,,,,,,,,,,,,,,,,,,,,,,,,,,,,,,,19737.48116,,,,,,,,,,24722.19864,,,,,,,,,,,,,,,28615.40606,,,,,,,
Vanuatu,VUT,Urban land area (sq. km),AG.LND.TOTL.UR.K2,,,,,,,,,,,,,,,,,,,,,,,,,,,,,,,11.13707166,,,,,,,,,,17.94286994,,,,,,,,,,,,,,,27.94289546,,,,,,,
World,WLD,Urban land area (sq. km),AG.LND.TOTL.UR.K2,,,,,,,,,,,,,,,,,,,,,,,,,,,,,,,1365096.982,,,,,,,,,,1609822.022,,,,,,,,,,,,,,,1907334.026,,,,,,,
Samoa,WSM,Urban land area (sq. km),AG.LND.TOTL.UR.K2,,,,,,,,,,,,,,,,,,,,,,,,,,,,,,,15.22739576,,,,,,,,,,17.1625151,,,,,,,,,,,,,,,46.68264442,,,,,,,
Kosovo,XKX,Urban land area (sq. km),AG.LND.TOTL.UR.K2,,,,,,,,,,,,,,,,,,,,,,,,,,,,,,,,,,,,,,,,,,,,,,,,,,,,,,,,,,,,,,,
"Yemen, Rep.",YEM,Urban land area (sq. km),AG.LND.TOTL.UR.K2,,,,,,,,,,,,,,,,,,,,,,,,,,,,,,,886.9729358,,,,,,,,,,1214.304945,,,,,,,,,,,,,,,1795.363296,,,,,,,
South Africa,ZAF,Urban land area (sq. km),AG.LND.TOTL.UR.K2,,,,,,,,,,,,,,,,,,,,,,,,,,,,,,,10324.5223,,,,,,,,,,13237.8514,,,,,,,,,,,,,,,15118.66208,,,,,,,
Zambia,ZMB,Urban land area (sq. km),AG.LND.TOTL.UR.K2,,,,,,,,,,,,,,,,,,,,,,,,,,,,,,,1433.018891,,,,,,,,,,1684.217587,,,,,,,,,,,,,,,2079.135102,,,,,,,
Zimbabwe,ZWE,Urban land area (sq. km),AG.LND.TOTL.UR.K2,,,,,,,,,,,,,,,,,,,,,,,,,,,,,,,1384.308394,,,,,,,,,,1714.541409,,,,,,,,,,,,,,,2024.485897,,,,,,,